filename,1_x,1_y,2_x,2_y,3_x,3_y,4_x,4_y,5_x,5_y,6_x,6_y,7_x,7_y,8_x,8_y,9_x,9_y,0_x,0_y
0000e88ab.jpg,253,236,529,295,543,309,552.0,292.0,860.0,161.0,853.0,230.0,633.0,404.0,538,436,442,441,234,318
00029d126.jpg,21,90,345,153,357,167,376.0,155.0,740.0,87.0,711.0,122.0,472.0,236.0,315,259,140,237,9,129
00050a15a.jpg,27,277,498,203,508,211,531.0,198.0,1030.0,299.0,991.0,307.0,572.0,370.0,503,370,421,369,46,290
0005c1ef8.jpg,23,158,523,199,531,210,539.0,199.0,1009.0,222.0,1001.0,249.0,731.0,314.0,528,329,434,327,22,196
0006e997e.jpg,25,47,444,105,444,122,453.0,114.0,956.0,31.0,917.0,54.0,510.0,181.0,419,211,278,252,28,79
000a6daec.jpg,15,16,545,157,576,179,583.0,147.0,939.0,12.0,1039.0,114.0,759.0,433.0,615,443,573,398,59,72
000f0f2bf.jpg,48,166,517,274,539,287,554.0,272.0,930.0,171.0,960.0,303.0,744.0,476.0,526,478,379,454,78,264
0016b897a.jpg,51,70,555,220,582,243,608.0,215.0,999.0,81.0,1013.0,153.0,750.0,351.0,583,371,427,373,38,161
001c1ac5f.jpg,28,141,494,289,507,322,509.0,291.0,933.0,128.0,957.0,215.0,750.0,427.0,505,438,309,425,50,234
001cae55b.jpg,87,43,461,194,478,248,507.0,212.0,987.0,22.0,983.0,116.0,596.0,438.0,429,452,239,450,15,174
001d7450c.jpg,11,204,507,260,523,268,538.0,258.0,1024.0,205.0,1008.0,261.0,631.0,418.0,533,432,448,419,18,243
00200e115.jpg,307,40,574,174,590,195,608.0,179.0,981.0,7.0,990.0,47.0,638.0,326.0,573,331,467,325,234,102
00245a598.jpg,28,98,516,195,558,224,575.0,197.0,964.0,88.0,1012.0,206.0,898.0,322.0,562,336,208,282,30,150
002b4615d.jpg,101,191,449,274,472,308,490.0,284.0,991.0,70.0,969.0,170.0,760.0,362.0,472,391,232,440,45,333
002f99f01.jpg,2,236,393,211,412,219,430.0,201.0,841.0,1.0,857.0,33.0,477.0,370.0,429,393,337,400,2,311
00355ff28.jpg,37,10,495,138,515,172,538.0,141.0,1016.0,53.0,1017.0,154.0,826.0,272.0,513,250,149,197,21,83
00357e37a.jpg,37,63,512,166,542,200,560.0,168.0,992.0,15.0,1038.0,96.0,816.0,307.0,550,333,286,331,32,176
003795857.jpg,11,16,522,144,541,175,552.0,148.0,1014.0,10.0,1034.0,97.0,770.0,302.0,548,313,394,318,33,98
0041880bf.jpg,44,108,315,146,329,162,348.0,147.0,681.0,74.0,658.0,117.0,345.0,288.0,313,293,256,299,16,163
0043da555.jpg,75,227,457,358,477,388,505.0,365.0,972.0,224.0,947.0,292.0,662.0,515.0,461,558,244,552,53,346
00442c882.jpg,70,104,438,297,453,325,455.0,300.0,756.0,91.0,821.0,205.0,711.0,442.0,460,459,341,460,101,218
00464ff65.jpg,81,248,470,398,483,430,507.0,401.0,1025.0,238.0,970.0,356.0,656.0,583.0,476,601,203,617,21,393
004775679.jpg,48,159,502,233,537,254,554.0,231.0,915.0,173.0,952.0,245.0,767.0,356.0,556,365,417,353,62,206
004ae9e26.jpg,16,15,525,148,542,168,550.0,148.0,1015.0,2.0,1032.0,92.0,876.0,213.0,546,271,390,294,12,77
004c0f43b.jpg,70,195,483,253,508,269,534.0,251.0,967.0,163.0,971.0,230.0,567.0,411.0,505,407,414,396,63,261
004e8ad5b.jpg,63,130,503,295,525,314,549.0,292.0,945.0,156.0,973.0,264.0,648.0,485.0,535,496,442,477,71,216
004f87702.jpg,23,276,503,292,528,314,554.0,290.0,1038.0,247.0,991.0,300.0,593.0,528.0,529,528,463,523,65,331
0050ef29d.jpg,64,68,520,195,537,227,553.0,201.0,1000.0,24.0,1007.0,111.0,710.0,357.0,533,370,300,370,50,200
00514c876.jpg,13,45,470,189,504,213,506.0,181.0,791.0,124.0,884.0,201.0,822.0,297.0,516,275,363,256,81,105
0052ce2f5.jpg,249,230,527,331,532,348,541.0,333.0,825.0,254.0,819.0,299.0,647.0,412.0,519,417,416,423,254,286
00537ec91.jpg,347,121,439,153,451,148,461.0,168.0,501.0,123.0,540.0,186.0,519.0,257.0,457,244,429,238,348,146
00570db6b.jpg,32,212,532,277,577,303,582.0,268.0,972.0,155.0,1024.0,245.0,829.0,421.0,666,435,456,401,48,271
005ce3100.jpg,48,125,488,203,514,226,534.0,212.0,959.0,178.0,969.0,227.0,599.0,375.0,509,380,462,382,51,189
00600ce17.jpg,29,100,515,247,539,259,556.0,244.0,982.0,166.0,1001.0,229.0,633.0,456.0,531,474,471,453,32,137
006017ddf.jpg,35,16,534,134,554,155,569.0,132.0,996.0,8.0,1022.0,138.0,755.0,313.0,557,321,405,312,46,102
0060f764a.jpg,26,16,498,108,520,143,544.0,107.0,1009.0,39.0,1017.0,146.0,811.0,276.0,516,240,177,229,29,107
006500b3d.jpg,21,29,491,141,509,150,533.0,141.0,1026.0,23.0,1008.0,59.0,590.0,266.0,500,269,369,264,22,63
006506edf.jpg,21,23,493,134,524,190,549.0,139.0,1025.0,18.0,1021.0,131.0,856.0,299.0,533,393,391,401,28,153
0067b3a20.jpg,161,289,497,389,507,414,530.0,393.0,929.0,322.0,924.0,371.0,621.0,522.0,493,535,375,536,130,366
006bdc6ff.jpg,31,121,498,225,527,261,556.0,226.0,1018.0,121.0,1012.0,194.0,934.0,255.0,531,302,252,321,41,195
00713060e.jpg,59,14,477,130,503,160,527.0,139.0,1036.0,28.0,1003.0,92.0,582.0,371.0,497,390,388,367,43,103
007218187.jpg,63,210,497,307,519,336,528.0,312.0,783.0,196.0,838.0,304.0,709.0,467.0,517,463,356,450,90,304
0073118da.jpg,23,128,440,168,454,196,493.0,170.0,1033.0,90.0,958.0,154.0,623.0,307.0,436,303,136,321,6,207
007a7846f.jpg,24,35,473,244,517,286,578.0,240.0,1001.0,40.0,1023.0,144.0,848.0,351.0,505,375,247,386,15,134
007b62e05.jpg,39,343,530,387,555,405,566.0,388.0,1008.0,354.0,1008.0,414.0,723.0,526.0,566,517,322,463,33,400
007f3eb46.jpg,57,37,498,191,522,214,541.0,195.0,998.0,35.0,1022.0,81.0,611.0,372.0,514,376,411,366,28,98
008124524.jpg,72,29,482,144,501,170,524.0,149.0,1027.0,77.0,997.0,151.0,758.0,263.0,477,257,243,266,46,115
0084fe40b.jpg,26,21,308,110,332,131,355.0,111.0,607.0,14.0,629.0,85.0,522.0,199.0,328,180,130,162,27,74
0085064af.jpg,66,15,429,218,450,243,465.0,220.0,829.0,24.0,835.0,133.0,550.0,409.0,447,405,348,385,42,117
0085a6bd0.jpg,104,163,433,248,444,265,460.0,254.0,835.0,161.0,840.0,215.0,538.0,405.0,443,407,320,389,96,235
00869b59e.jpg,62,48,473,122,510,143,522.0,117.0,736.0,37.0,812.0,133.0,673.0,302.0,569,299,538,294,143,106
008bf89fc.jpg,90,198,497,266,513,302,536.0,272.0,970.0,200.0,948.0,272.0,641.0,427.0,502,420,263,401,70,275
008ebc50d.jpg,32,70,469,166,490,196,523.0,170.0,1039.0,73.0,985.0,145.0,574.0,366.0,461,368,204,314,10,161
00910010d.jpg,259,280,391,341,419,361,415.0,341.0,492.0,270.0,558.0,322.0,537.0,443.0,479,450,448,418,292,309
00917baa4.jpg,42,149,431,219,470,241,500.0,217.0,923.0,117.0,895.0,186.0,615.0,342.0,464,357,297,366,56,251
0093454b6.jpg,68,57,479,200,497,228,518.0,205.0,1012.0,59.0,985.0,135.0,815.0,240.0,496,255,163,286,41,141
009431af0.jpg,192,156,463,340,506,382,499.0,342.0,535.0,201.0,612.0,298.0,714.0,505.0,542,516,467,474,227,229
009589b45.jpg,21,147,540,131,574,172,612.0,137.0,1026.0,155.0,1024.0,249.0,728.0,299.0,592,298,401,310,78,264
0095fe89c.jpg,57,253,511,344,539,375,570.0,342.0,969.0,215.0,985.0,282.0,838.0,462.0,545,476,272,474,84,349
00961802f.jpg,50,108,310,215,327,241,341.0,220.0,624.0,113.0,634.0,173.0,522.0,273.0,327,254,90,239,38,157
009687166.jpg,109,178,495,299,519,320,556.0,300.0,976.0,179.0,964.0,237.0,596.0,463.0,488,459,326,423,82,236
0096c8ff3.jpg,54,34,381,106,387,123,407.0,106.0,789.0,36.0,756.0,94.0,428.0,279.0,347,286,251,281,27,100
009c45bc7.jpg,120,162,488,278,516,312,563.0,277.0,983.0,162.0,975.0,234.0,577.0,463.0,486,470,380,471,77,226
00a3dd76f.jpg,71,110,522,275,533,302,545.0,279.0,996.0,115.0,1005.0,187.0,729.0,428.0,528,434,304,421,40,179
00a46c559.jpg,154,67,358,111,374,152,427.0,117.0,951.0,62.0,865.0,127.0,355.0,333.0,222,331,96,329,59,131
00a4de95e.jpg,74,39,465,226,474,256,494.0,229.0,989.0,81.0,993.0,171.0,715.0,346.0,472,314,191,330,21,151
00a70e649.jpg,30,256,429,326,447,350,462.0,323.0,844.0,244.0,851.0,316.0,713.0,404.0,445,428,243,455,23,323
00a9dc47d.jpg,11,5,174,48,188,58,197.0,48.0,359.0,12.0,352.0,48.0,278.0,97.0,187,97,102,98,18,41
00aae723d.jpg,19,308,471,418,518,462,572.0,416.0,1003.0,324.0,1012.0,419.0,789.0,592.0,508,569,160,539,22,395
00b7ffb8a.jpg,34,81,500,290,539,328,585.0,281.0,1007.0,75.0,1023.0,233.0,746.0,476.0,533,455,263,428,32,239
00b92e9bf.jpg,38,91,342,203,363,220,382.0,198.0,642.0,78.0,677.0,162.0,563.0,298.0,364,290,153,266,34,156
00bc4dade.jpg,72,170,471,273,493,308,524.0,281.0,1006.0,179.0,976.0,257.0,633.0,426.0,472,421,291,416,37,243
00c59bce9.jpg,8,254,511,258,544,273,576.0,245.0,1037.0,225.0,961.0,263.0,754.0,375.0,577,384,419,359,89,281
00caa5c60.jpg,75,94,457,267,486,308,519.0,265.0,889.0,81.0,900.0,206.0,549.0,520.0,494,526,418,521,81,225
00cf9982e.jpg,40,159,553,203,621,247,637.0,210.0,958.0,160.0,1017.0,277.0,769.0,495.0,657,490,601,462,139,244
00d07df97.jpg,39,66,487,209,517,240,544.0,212.0,1011.0,79.0,1008.0,145.0,734.0,331.0,518,323,242,300,22,133
00d1615b1.jpg,49,175,439,343,486,375,549.0,333.0,952.0,169.0,965.0,314.0,869.0,462.0,487,426,124,404,37,264
00d43f154.jpg,57,128,502,211,519,228,534.0,214.0,1011.0,145.0,983.0,209.0,857.0,274.0,519,260,150,286,38,198
00d4a4967.jpg,87,337,559,229,621,241,598.0,209.0,769.0,193.0,905.0,205.0,965.0,293.0,821,329,694,340,223,357
00d641885.jpg,41,86,445,203,496,223,479.0,194.0,504.0,61.0,715.0,141.0,1009.0,456.0,772,446,608,392,185,153
00d6cbcbf.jpg,219,312,504,338,521,350,543.0,335.0,911.0,241.0,884.0,299.0,659.0,398.0,523,404,250,394,189,358
00d7dc401.jpg,162,32,440,210,445,258,492.0,213.0,1035.0,14.0,925.0,132.0,474.0,469.0,318,468,151,429,8,200
00d831b06.jpg,72,41,442,116,464,157,495.0,120.0,960.0,36.0,929.0,113.0,654.0,283.0,461,253,134,229,38,134
00d9e8278.jpg,52,150,431,164,439,176,449.0,163.0,862.0,133.0,841.0,175.0,488.0,315.0,422,329,349,318,66,191
00dcd026f.jpg,95,208,449,289,464,314,507.0,292.0,1037.0,212.0,993.0,291.0,680.0,451.0,432,438,151,434,50,304
00de0f4c8.jpg,195,122,494,211,508,239,537.0,214.0,994.0,92.0,952.0,196.0,668.0,375.0,494,412,332,431,147,263
00ded1101.jpg,11,157,539,202,562,218,564.0,200.0,966.0,164.0,1014.0,241.0,750.0,368.0,611,417,584,418,73,222
00e059776.jpg,91,178,507,231,526,249,536.0,233.0,931.0,157.0,963.0,199.0,788.0,293.0,526,291,278,292,85,211
00e4afee9.jpg,17,189,513,305,525,318,536.0,306.0,1034.0,200.0,1000.0,265.0,789.0,375.0,524,369,257,353,24,232
00e68dc59.jpg,18,253,524,256,534,285,538.0,257.0,1016.0,228.0,994.0,269.0,671.0,421.0,543,427,428,421,103,293
00e9e5122.jpg,69,212,493,289,519,314,541.0,291.0,953.0,212.0,975.0,274.0,844.0,373.0,531,389,285,378,85,278
00eaedfab.jpg,56,42,464,83,493,107,533.0,85.0,1023.0,18.0,991.0,63.0,589.0,203.0,478,199,331,202,38,79
00ec09075.jpg,28,152,328,175,344,189,363.0,177.0,669.0,171.0,660.0,218.0,447.0,285.0,344,295,257,294,23,204
00ec13a19.jpg,214,256,507,379,521,403,526.0,388.0,822.0,277.0,845.0,340.0,576.0,567.0,512,571,460,571,201,353
00f0bde81.jpg,46,50,576,156,606,185,610.0,163.0,988.0,93.0,1021.0,210.0,886.0,306.0,623,309,459,307,95,125
00f5927ae.jpg,47,161,367,246,373,272,403.0,251.0,869.0,181.0,808.0,239.0,481.0,401.0,351,420,188,428,16,243
00f5aba71.jpg,23,24,498,139,536,169,571.0,139.0,1018.0,36.0,1029.0,110.0,827.0,232.0,531,238,245,229,38,113
00fee3975.jpg,315,238,530,321,538,328,542.0,321.0,736.0,307.0,745.0,334.0,605.0,393.0,545,394,507,388,332,270
010262224.jpg,15,46,498,94,503,125,510.0,96.0,1038.0,30.0,1000.0,109.0,632.0,297.0,499,304,296,286,23,132
01043c88f.jpg,61,64,458,173,477,190,520.0,165.0,982.0,45.0,989.0,120.0,612.0,324.0,476,333,279,328,20,153
01043cc4b.jpg,56,165,456,185,480,217,508.0,185.0,1008.0,89.0,983.0,184.0,559.0,422.0,488,425,347,422,40,281
01070510c.jpg,47,54,424,197,446,218,473.0,195.0,871.0,58.0,888.0,122.0,678.0,308.0,450,309,203,311,24,128
01078982f.jpg,37,133,475,162,502,184,538.0,168.0,981.0,154.0,953.0,188.0,610.0,279.0,503,274,401,289,39,165
0108c3e2b.jpg,24,94,524,253,552,285,557.0,246.0,956.0,109.0,1007.0,226.0,811.0,439.0,586,414,381,391,47,165
010a1f0eb.jpg,19,200,484,235,499,255,524.0,238.0,1040.0,228.0,972.0,275.0,598.0,401.0,473,410,342,407,21,255
010d37b13.jpg,32,103,325,124,355,155,368.0,114.0,594.0,79.0,663.0,195.0,553.0,361.0,408,379,345,356,108,187
011258703.jpg,70,274,505,363,523,383,544.0,362.0,1005.0,276.0,987.0,368.0,726.0,507.0,517,501,308,506,41,336
0117ac323.jpg,82,227,501,358,524,372,548.0,358.0,951.0,253.0,942.0,340.0,691.0,491.0,537,518,449,527,94,308
0118a64b8.jpg,47,177,557,385,593,414,592.0,393.0,847.0,168.0,1003.0,390.0,1014.0,430.0,602,447,261,452,86,304
01216c238.jpg,89,191,529,323,558,353,565.0,312.0,762.0,119.0,887.0,250.0,868.0,466.0,589,474,441,489,181,302
01237f1ce.jpg,146,127,446,282,452,323,490.0,295.0,1009.0,102.0,914.0,181.0,638.0,339.0,424,347,73,400,54,208
0124d2989.jpg,54,205,531,389,567,436,611.0,384.0,1014.0,191.0,1017.0,281.0,893.0,455.0,571,498,266,518,61,293
01324f822.jpg,23,136,526,240,568,252,592.0,239.0,884.0,54.0,997.0,152.0,960.0,236.0,568,258,291,241,54,172
0135bf774.jpg,68,200,318,183,330,201,351.0,188.0,735.0,175.0,682.0,207.0,343.0,311.0,284,305,207,292,72,215
0138b56d1.jpg,158,25,427,200,465,240,478.0,211.0,698.0,54.0,840.0,247.0,704.0,552.0,549,566,498,572,243,133
0139248b7.jpg,36,204,474,290,510,323,532.0,297.0,999.0,199.0,974.0,281.0,641.0,476.0,511,479,346,471,36,276
013935e54.jpg,21,81,543,164,562,190,565.0,168.0,979.0,50.0,1020.0,166.0,831.0,323.0,558,340,381,335,49,164
01396f4d1.jpg,84,208,458,392,491,418,528.0,396.0,992.0,196.0,1011.0,273.0,848.0,423.0,488,466,127,463,3,295
01425e516.jpg,177,134,507,325,520,362,536.0,331.0,887.0,183.0,909.0,300.0,775.0,448.0,520,434,247,425,130,240
0145d6294.jpg,31,29,513,108,538,139,553.0,112.0,1010.0,33.0,1008.0,88.0,636.0,299.0,549,294,478,290,62,69
0148ba553.jpg,34,9,496,180,518,206,549.0,185.0,1024.0,78.0,1020.0,162.0,819.0,287.0,511,300,299,305,37,118
0148dbdd2.jpg,23,119,539,131,552,143,555.0,131.0,996.0,15.0,1016.0,80.0,759.0,227.0,561,214,368,216,40,159
014a7cdf0.jpg,29,39,246,98,261,115,270.0,98.0,452.0,22.0,484.0,78.0,346.0,224.0,276,207,207,196,52,100
014c052b5.jpg,66,41,369,162,385,177,409.0,168.0,806.0,27.0,752.0,102.0,474.0,285.0,367,280,196,286,25,129
014c0deb5.jpg,6,49,545,329,583,379,586.0,328.0,881.0,16.0,1028.0,208.0,834.0,613.0,644,615,556,597,85,157
014c130f2.jpg,249,113,492,201,510,234,540.0,212.0,972.0,118.0,915.0,204.0,579.0,374.0,478,388,367,414,169,235
0150758c7.jpg,235,15,508,178,524,206,538.0,180.0,842.0,24.0,860.0,120.0,535.0,385.0,464,392,394,380,243,159
0150f16ec.jpg,85,17,496,217,511,245,532.0,223.0,1006.0,33.0,1003.0,110.0,653.0,368.0,496,379,342,384,33,117
015889aa3.jpg,21,239,503,315,521,325,534.0,314.0,1015.0,217.0,997.0,263.0,794.0,348.0,521,342,297,335,53,271
01598711e.jpg,27,161,531,286,561,306,570.0,287.0,988.0,116.0,1019.0,221.0,692.0,482.0,589,488,515,487,48,225
0159c02d4.jpg,23,18,487,129,510,160,537.0,135.0,1029.0,30.0,1002.0,97.0,739.0,244.0,508,243,274,242,41,98
015a0c58d.jpg,59,30,267,230,287,264,313.0,229.0,599.0,22.0,605.0,120.0,457.0,381.0,249,350,103,321,23,120
015b868a1.jpg,14,49,303,92,311,100,320.0,93.0,519.0,69.0,545.0,125.0,416.0,208.0,319,212,274,212,35,84
016173748.jpg,63,132,448,196,467,213,493.0,205.0,1034.0,127.0,976.0,188.0,485.0,380.0,415,380,289,357,19,212
0163ab035.jpg,45,85,500,242,531,277,558.0,249.0,1014.0,100.0,1010.0,207.0,770.0,401.0,530,397,295,402,42,192
0165c60f3.jpg,10,22,177,28,184,37,191.0,29.0,358.0,21.0,353.0,53.0,201.0,75.0,177,78,153,73,16,55
016768c94.jpg,67,174,451,226,471,237,490.0,227.0,823.0,180.0,847.0,229.0,543.0,357.0,470,369,412,355,69,215
016791b76.jpg,96,51,484,214,496,238,508.0,213.0,886.0,71.0,921.0,162.0,821.0,305.0,492,346,285,365,88,158
01699beb5.jpg,31,15,458,130,531,142,612.0,126.0,967.0,36.0,1003.0,121.0,636.0,151.0,532,160,450,153,50,116
016aa69cf.jpg,51,77,509,162,530,179,554.0,161.0,976.0,31.0,1026.0,104.0,881.0,221.0,533,256,233,258,20,155
016ac2f79.jpg,48,182,493,294,569,331,585.0,295.0,901.0,176.0,1010.0,311.0,937.0,450.0,589,428,354,404,117,256
016af7b1e.jpg,33,119,457,250,475,278,492.0,251.0,969.0,119.0,956.0,202.0,756.0,364.0,477,372,180,369,19,219
016dfbd1e.jpg,151,90,465,201,472,226,491.0,206.0,958.0,64.0,967.0,143.0,581.0,374.0,436,440,269,398,61,222
016f26c74.jpg,141,191,529,343,549,364,561.0,346.0,864.0,185.0,913.0,279.0,809.0,428.0,547,389,320,388,176,262
0172a0826.jpg,33,18,497,298,537,347,573.0,298.0,960.0,26.0,1030.0,173.0,774.0,532.0,550,541,411,540,53,176
0172cb96f.jpg,77,20,416,165,420,178,439.0,171.0,888.0,219.0,810.0,251.0,405.0,347.0,352,328,262,284,19,69
0173fc207.jpg,76,169,414,262,438,284,460.0,265.0,777.0,158.0,776.0,260.0,500.0,429.0,442,431,385,423,85,269
01751644e.jpg,63,158,501,228,522,255,546.0,233.0,989.0,163.0,984.0,260.0,618.0,470.0,518,485,439,475,60,257
0175e8d3f.jpg,42,51,436,214,453,238,470.0,216.0,873.0,92.0,879.0,184.0,527.0,428.0,446,429,364,418,23,153
01768ab81.jpg,31,121,332,171,349,178,358.0,169.0,648.0,104.0,638.0,133.0,569.0,171.0,348,187,121,187,34,144
01793bd75.jpg,48,76,274,122,282,133,296.0,123.0,576.0,40.0,587.0,81.0,465.0,160.0,286,172,72,180,25,131
0179e07f2.jpg,182,8,502,362,503,379,524.0,374.0,989.0,469.0,859.0,570.0,470.0,579.0,366,572,318,496,141,116
017b7d5e9.jpg,38,28,513,249,532,267,554.0,246.0,991.0,54.0,1012.0,190.0,883.0,350.0,527,356,238,356,34,140
017bd9a69.jpg,78,171,456,271,473,316,493.0,272.0,1025.0,49.0,1011.0,164.0,671.0,484.0,483,518,101,533,18,349
017c8297e.jpg,26,134,336,226,347,240,355.0,229.0,673.0,141.0,667.0,235.0,420.0,354.0,347,358,284,355,30,226
017f9cf06.jpg,59,227,477,278,495,300,501.0,278.0,844.0,230.0,861.0,331.0,763.0,403.0,499,398,242,368,120,310
018345b71.jpg,38,126,511,233,547,267,573.0,237.0,969.0,131.0,989.0,253.0,650.0,484.0,558,486,500,478,56,222
0183ee449.jpg,47,164,468,283,525,313,552.0,285.0,903.0,147.0,945.0,240.0,649.0,501.0,564,500,486,486,103,273
0187bfdff.jpg,176,170,1036,336,1127,368,1214.0,342.0,2163.0,170.0,2133.0,263.0,1357.0,504.0,1113,494,724,493,103,257
018953e38.jpg,30,171,528,283,543,334,553.0,292.0,1017.0,168.0,1023.0,274.0,939.0,353.0,537,395,364,434,52,302
018a44909.jpg,32,151,377,266,398,285,422.0,267.0,811.0,149.0,800.0,216.0,563.0,360.0,393,356,151,334,0,213
018b81a56.jpg,40,184,496,336,520,352,532.0,335.0,936.0,170.0,998.0,244.0,805.0,472.0,571,466,427,450,123,249
018e22952.jpg,90,134,359,225,374,258,403.0,233.0,802.0,116.0,781.0,186.0,674.0,245.0,368,276,42,281,49,222
01917b508.jpg,318,161,504,226,513,236,518.0,227.0,709.0,157.0,717.0,195.0,529.0,316.0,514,316,478,315,315,205
01919fc42.jpg,56,108,562,290,590,316,590.0,301.0,897.0,152.0,1019.0,283.0,906.0,458.0,608,412,446,411,131,205
0197be7fd.jpg,101,114,455,231,466,270,491.0,243.0,1025.0,102.0,1005.0,163.0,746.0,344.0,449,432,152,457,30,249
0198f6931.jpg,89,25,1333,186,1376,198,1424.0,177.0,2518.0,45.0,2568.0,125.0,2177.0,258.0,1381,258,649,247,131,88
019b53508.jpg,305,245,525,310,534,321,551.0,315.0,819.0,327.0,794.0,347.0,545.0,404.0,508,392,457,376,307,267
019e9a958.jpg,39,57,528,176,544,193,561.0,179.0,994.0,75.0,993.0,171.0,693.0,345.0,534,331,403,326,79,152
01aa167a0.jpg,68,38,431,271,455,296,487.0,268.0,913.0,22.0,920.0,132.0,703.0,358.0,452,389,252,448,22,194
01af1e5f9.jpg,43,77,509,196,546,278,587.0,197.0,944.0,35.0,999.0,236.0,967.0,430.0,542,322,166,297,82,181
01affda48.jpg,42,13,467,151,496,203,525.0,166.0,1011.0,15.0,1025.0,55.0,812.0,262.0,495,261,131,279,10,98
01b7e3f36.jpg,16,170,504,248,517,268,529.0,252.0,1034.0,185.0,992.0,256.0,667.0,401.0,509,386,315,384,29,236
01bf61268.jpg,72,72,482,136,489,157,506.0,141.0,1013.0,55.0,1001.0,110.0,559.0,324.0,451,313,151,264,20,151
01bfc5ce9.jpg,82,74,516,292,535,317,556.0,297.0,977.0,74.0,979.0,172.0,618.0,513.0,535,515,442,511,81,196
01c26d722.jpg,27,82,490,183,501,199,524.0,183.0,1042.0,82.0,997.0,134.0,561.0,371.0,491,365,341,342,20,147
01c3bf950.jpg,49,64,472,166,497,187,521.0,170.0,1007.0,67.0,1021.0,124.0,731.0,321.0,495,347,223,327,26,168
01c602e06.jpg,38,127,503,243,524,265,542.0,242.0,988.0,96.0,980.0,180.0,780.0,340.0,530,337,342,391,57,213
01c75e4c0.jpg,195,191,374,222,395,236,404.0,217.0,564.0,187.0,707.0,298.0,516.0,470.0,386,447,357,436,207,348
01c941173.jpg,50,107,411,236,421,260,426.0,242.0,782.0,176.0,797.0,251.0,620.0,346.0,420,335,277,337,43,177
01c98f7c1.jpg,68,121,479,225,496,249,516.0,231.0,1023.0,116.0,985.0,199.0,702.0,360.0,501,363,219,374,16,201
01c9fe65c.jpg,44,215,419,248,429,266,442.0,251.0,846.0,229.0,832.0,290.0,597.0,375.0,421,379,227,364,35,275
01cd70a58.jpg,22,139,347,193,358,204,371.0,192.0,675.0,94.0,672.0,152.0,459.0,282.0,360,274,219,280,23,185
01cd7a357.jpg,36,174,494,235,510,253,532.0,234.0,1037.0,166.0,1020.0,198.0,553.0,379.0,502,383,379,389,43,227
01cea07ff.jpg,76,128,460,270,479,294,506.0,270.0,976.0,144.0,934.0,244.0,530.0,495.0,453,476,356,492,33,245
01d122634.jpg,74,36,848,142,887,159,933.0,136.0,1673.0,29.0,1659.0,132.0,1242.0,290.0,892,275,409,267,52,132
01d89cbcf.jpg,78,122,392,219,399,224,405.0,218.0,572.0,160.0,619.0,227.0,570.0,265.0,396,246,249,231,96,161
01d8fc465.jpg,11,12,230,77,244,87,252.0,77.0,417.0,12.0,437.0,60.0,313.0,173.0,252,172,219,169,25,50
01dc06663.jpg,0,207,284,238,290,244,299.0,238.0,673.0,222.0,662.0,243.0,374.0,333.0,305,333,245,334,0,259
01dcb420f.jpg,37,128,507,198,522,211,547.0,198.0,1034.0,125.0,1005.0,210.0,598.0,407.0,505,408,402,406,27,215
01dea185c.jpg,31,22,455,116,478,143,503.0,122.0,944.0,19.0,914.0,85.0,626.0,256.0,471,260,262,263,31,99
01dfca144.jpg,224,146,1346,262,1378,276,1408.0,263.0,2471.0,75.0,2477.0,182.0,2052.0,345.0,1380,351,639,337,273,229
01e2ca8ba.jpg,101,83,481,249,503,283,531.0,255.0,954.0,87.0,941.0,189.0,709.0,370.0,501,377,237,389,73,200
01e44668c.jpg,156,223,447,321,487,350,524.0,333.0,965.0,225.0,968.0,275.0,867.0,339.0,486,370,58,328,69,272
01e4842aa.jpg,16,119,535,205,567,216,587.0,203.0,977.0,123.0,1027.0,172.0,701.0,342.0,587,350,519,342,45,151
01e58e831.jpg,71,307,508,328,518,351,529.0,334.0,989.0,348.0,967.0,374.0,898.0,384.0,518,383,269,394,76,344
01e878aad.jpg,77,239,505,299,513,311,524.0,301.0,957.0,243.0,948.0,273.0,827.0,324.0,511,364,327,381,95,273
01ec3759e.jpg,72,255,513,306,528,323,539.0,307.0,1008.0,245.0,997.0,313.0,676.0,459.0,528,457,260,437,62,342
01eee7676.jpg,63,227,507,336,523,354,544.0,338.0,1030.0,225.0,1006.0,291.0,658.0,505.0,519,546,365,537,45,312
01f58bda4.jpg,96,122,448,198,454,217,478.0,201.0,1023.0,128.0,967.0,198.0,610.0,326.0,438,345,172,317,27,209
01f5b5205.jpg,27,7,486,158,504,177,531.0,156.0,1028.0,58.0,1004.0,138.0,850.0,230.0,503,244,168,235,10,93
01f66ca26.jpg,74,248,469,290,498,318,517.0,289.0,936.0,153.0,913.0,241.0,660.0,430.0,512,428,255,425,87,333
01f6f8d04.jpg,40,27,494,141,513,186,534.0,146.0,1008.0,75.0,997.0,168.0,660.0,396.0,492,397,394,400,49,129
01f84aa6f.jpg,56,109,479,188,508,211,532.0,193.0,986.0,99.0,964.0,161.0,807.0,259.0,507,280,231,281,69,169
0202d2a08.jpg,172,125,646,199,650,228,669.0,204.0,931.0,249.0,910.0,285.0,862.0,312.0,639,315,226,349,95,250
0202dfb29.jpg,100,35,190,80,192,99,209.0,89.0,455.0,150.0,442.0,178.0,185.0,203.0,153,190,123,174,103,73
0206722e5.jpg,109,30,370,198,373,224,387.0,200.0,838.0,64.0,830.0,165.0,670.0,304.0,379,341,90,405,46,211
020ab0f9b.jpg,173,162,514,240,533,262,538.0,240.0,785.0,174.0,838.0,251.0,780.0,324.0,556,332,432,329,240,234
02156d140.jpg,34,256,520,317,539,331,548.0,319.0,1041.0,251.0,996.0,303.0,631.0,483.0,541,489,462,488,146,319
0215715b6.jpg,38,235,532,336,557,354,564.0,342.0,1006.0,214.0,1038.0,311.0,890.0,424.0,563,423,303,406,93,320
021a49e25.jpg,104,237,439,313,456,325,463.0,308.0,678.0,254.0,726.0,346.0,639.0,430.0,494,441,427,433,166,314
021cf0d46.jpg,138,135,453,290,474,317,501.0,296.0,920.0,200.0,904.0,297.0,634.0,474.0,470,481,333,486,115,266
021d8cc07.jpg,58,114,241,144,258,155,269.0,142.0,417.0,97.0,422.0,131.0,368.0,177.0,258,178,140,174,76,141
0222d7746.jpg,34,24,511,153,521,183,526.0,161.0,1004.0,12.0,1013.0,98.0,768.0,300.0,532,313,343,329,34,114
0223b6a5c.jpg,41,200,1378,235,1408,253,1428.0,235.0,2557.0,118.0,2655.0,259.0,1991.0,440.0,1408,429,908,412,216,294
022462179.jpg,92,160,518,271,538,286,551.0,271.0,974.0,150.0,996.0,233.0,632.0,476.0,547,477,445,474,80,254
0225391f4.jpg,30,55,519,145,532,178,538.0,147.0,1019.0,33.0,1019.0,134.0,766.0,318.0,537,309,269,294,60,162
02270be38.jpg,25,70,523,125,531,136,541.0,128.0,1007.0,57.0,1005.0,107.0,687.0,244.0,540,246,409,251,50,116
02272f684.jpg,115,155,502,333,510,356,522.0,338.0,953.0,216.0,955.0,311.0,759.0,459.0,498,482,390,493,107,282
0227a97f7.jpg,158,437,484,357,512,369,517.0,335.0,695.0,62.0,749.0,148.0,649.0,485.0,614,509,568,531,224,515
022b803eb.jpg,113,176,494,348,494,400,508.0,362.0,995.0,143.0,981.0,241.0,820.0,392.0,489,476,64,470,31,297
023349526.jpg,37,10,519,144,544,165,558.0,145.0,988.0,10.0,1019.0,97.0,938.0,182.0,545,188,154,176,38,76
0234be323.jpg,54,33,449,175,469,203,491.0,182.0,908.0,23.0,898.0,87.0,750.0,220.0,467,249,154,268,22,120
023b99fbe.jpg,21,40,327,112,338,130,357.0,104.0,602.0,25.0,622.0,91.0,487.0,227.0,332,226,186,216,47,106
023c3947f.jpg,56,160,496,263,525,280,540.0,269.0,994.0,160.0,1007.0,240.0,614.0,450.0,520,454,421,443,36,227
023dc5c36.jpg,173,16,466,131,482,154,512.0,137.0,1035.0,24.0,970.0,105.0,498.0,327.0,379,343,286,354,14,123
023f72c08.jpg,165,222,442,294,473,321,504.0,297.0,911.0,176.0,919.0,227.0,643.0,418.0,475,414,163,412,118,346
0242534d4.jpg,28,14,526,196,548,216,569.0,195.0,975.0,34.0,1020.0,184.0,675.0,452.0,546,437,468,429,60,155
024a7136d.jpg,41,162,476,235,498,266,513.0,245.0,987.0,140.0,990.0,214.0,689.0,383.0,497,394,265,409,32,239
02518df7d.jpg,23,75,340,160,353,177,363.0,164.0,636.0,74.0,641.0,161.0,537.0,255.0,346,243,179,254,26,143
0253d946f.jpg,50,145,516,183,533,199,544.0,182.0,992.0,37.0,982.0,127.0,641.0,356.0,552,355,454,365,67,233
025407c89.jpg,105,212,478,345,494,367,509.0,344.0,861.0,222.0,879.0,320.0,857.0,347.0,496,395,225,421,107,322
02545618c.jpg,21,29,512,162,527,179,545.0,158.0,1024.0,23.0,1008.0,108.0,833.0,238.0,529,246,230,242,42,107
02564ae05.jpg,68,182,509,315,539,335,563.0,317.0,992.0,132.0,1003.0,244.0,698.0,518.0,551,530,360,522,55,296
02568e465.jpg,117,308,531,317,548,333,566.0,318.0,983.0,269.0,971.0,339.0,624.0,526.0,551,529,454,533,121,385
025738f80.jpg,39,21,486,129,504,162,527.0,135.0,1013.0,17.0,1001.0,115.0,804.0,266.0,506,258,169,245,43,112
02583af93.jpg,35,186,522,313,533,322,544.0,311.0,1000.0,187.0,1016.0,242.0,753.0,401.0,536,392,273,362,44,234
0258983a9.jpg,97,166,495,375,519,410,539.0,386.0,995.0,221.0,1009.0,326.0,944.0,422.0,518,442,103,404,45,279
025c1eb28.jpg,51,56,498,182,505,198,515.0,184.0,1019.0,34.0,1011.0,119.0,722.0,302.0,506,302,245,307,27,155
025d86fa4.jpg,64,206,492,318,510,334,531.0,315.0,1000.0,142.0,997.0,233.0,726.0,440.0,524,444,218,457,42,307
025ea05b4.jpg,81,270,516,335,539,356,544.0,341.0,925.0,272.0,946.0,362.0,794.0,452.0,555,480,413,488,118,340
0260984e4.jpg,42,125,502,241,531,263,551.0,241.0,1027.0,125.0,1012.0,208.0,889.0,297.0,530,308,257,340,49,201
026345181.jpg,36,223,516,368,535,382,555.0,366.0,991.0,213.0,1019.0,286.0,775.0,432.0,534,433,323,432,59,300
0264bd4b5.jpg,33,195,483,304,496,321,504.0,308.0,961.0,197.0,951.0,268.0,582.0,542.0,508,547,431,530,55,286
0268c74a5.jpg,71,87,448,204,469,235,483.0,204.0,885.0,29.0,866.0,141.0,569.0,405.0,480,406,394,407,86,205
026cf2c73.jpg,60,291,517,281,534,302,556.0,280.0,1001.0,248.0,950.0,294.0,609.0,444.0,492,458,379,466,115,352
0270cd806.jpg,63,276,846,319,902,344,931.0,321.0,1706.0,244.0,1708.0,323.0,1090.0,532.0,927,543,780,532,94,355
02773908c.jpg,18,120,349,219,366,231,382.0,219.0,670.0,118.0,684.0,187.0,541.0,289.0,369,303,187,293,19,193
027988cef.jpg,28,13,452,120,471,140,482.0,118.0,871.0,16.0,885.0,89.0,819.0,150.0,471,179,241,181,44,65
027af9390.jpg,56,265,860,309,892,326,932.0,306.0,1760.0,280.0,1672.0,328.0,1366.0,403.0,890,429,518,425,135,320
027ec5a1d.jpg,1,151,473,236,485,264,497.0,242.0,1045.0,156.0,1005.0,254.0,778.0,412.0,482,398,71,332,1,272
027f1594f.jpg,37,118,403,176,417,183,431.0,174.0,735.0,119.0,759.0,173.0,627.0,248.0,423,250,164,195,67,157
02810b9d1.jpg,102,161,500,354,530,390,554.0,358.0,933.0,123.0,950.0,238.0,655.0,579.0,545,578,425,584,96,273
028331a47.jpg,74,94,466,124,481,141,507.0,126.0,986.0,54.0,975.0,112.0,760.0,195.0,478,207,134,209,50,159
028bbb7af.jpg,59,31,525,227,559,267,577.0,230.0,947.0,22.0,992.0,153.0,917.0,339.0,557,333,281,342,66,142
028c4bfde.jpg,18,7,146,70,153,77,156.0,68.0,243.0,23.0,249.0,52.0,191.0,119.0,170,122,136,125,20,54
028e0f415.jpg,38,254,489,414,517,449,537.0,420.0,1003.0,250.0,1010.0,386.0,942.0,467.0,525,531,177,559,15,358
028e9f24d.jpg,108,85,443,197,461,214,493.0,201.0,997.0,99.0,1019.0,139.0,567.0,353.0,428,355,260,353,25,168
028f11c08.jpg,144,287,490,321,508,348,534.0,326.0,986.0,297.0,963.0,356.0,622.0,470.0,503,485,338,484,125,374
028f7081a.jpg,27,212,547,240,570,261,592.0,241.0,969.0,155.0,1019.0,230.0,718.0,425.0,588,431,498,422,100,279
02909535e.jpg,1,62,504,200,529,213,546.0,198.0,995.0,60.0,1050.0,225.0,951.0,338.0,550,327,321,323,0,140
02910a130.jpg,89,117,510,197,526,212,549.0,199.0,947.0,171.0,957.0,223.0,689.0,330.0,521,325,370,321,74,152
029449f85.jpg,52,163,579,346,611,381,621.0,348.0,961.0,149.0,1026.0,324.0,913.0,523.0,609,506,388,510,81,314
02a34f2bd.jpg,14,18,517,148,532,167,540.0,151.0,1028.0,22.0,1006.0,138.0,807.0,291.0,551,316,380,335,87,151
02a5af887.jpg,66,175,512,276,531,285,547.0,275.0,949.0,161.0,960.0,219.0,661.0,416.0,561,415,490,416,78,206
02a7e1f6c.jpg,107,98,483,163,540,195,539.0,171.0,788.0,70.0,935.0,189.0,856.0,374.0,739,388,657,345,248,167
02b0efd14.jpg,12,162,409,247,442,267,454.0,248.0,801.0,164.0,832.0,258.0,585.0,415.0,491,420,409,415,65,245
02b19e5f2.jpg,55,76,496,234,519,256,542.0,237.0,982.0,76.0,979.0,165.0,727.0,370.0,515,358,292,351,58,162
02b2550cb.jpg,25,17,515,117,522,136,527.0,121.0,1014.0,14.0,1017.0,94.0,905.0,182.0,525,160,49,108,25,81
02b32cd35.jpg,55,63,299,127,305,142,322.0,134.0,687.0,43.0,648.0,78.0,329.0,228.0,251,236,165,230,13,103
02b4351c8.jpg,15,11,526,113,548,131,553.0,113.0,1014.0,6.0,1019.0,89.0,692.0,310.0,583,308,495,307,55,75
02bce1dd2.jpg,43,12,513,226,537,248,546.0,221.0,946.0,17.0,1031.0,133.0,950.0,308.0,559,357,379,382,47,105
02bceb4f3.jpg,46,17,386,193,412,221,442.0,199.0,861.0,75.0,832.0,172.0,507.0,365.0,394,371,259,352,14,121
02bdec750.jpg,1009,376,586,296,540,273,492.0,291.0,32.0,300.0,122.0,217.0,411.0,220.0,538,222,662,217,955,223
02be719b7.jpg,26,42,505,175,528,202,535.0,176.0,998.0,45.0,1019.0,140.0,832.0,276.0,531,263,211,250,51,131
02beb151f.jpg,76,60,204,83,210,92,215.0,83.0,319.0,72.0,322.0,101.0,304.0,116.0,210,115,130,108,87,81
02c0b227e.jpg,67,22,498,213,509,253,513.0,210.0,1021.0,15.0,1018.0,152.0,958.0,260.0,510,351,162,368,48,229
02c389bcb.jpg,75,341,519,400,534,423,542.0,404.0,930.0,340.0,950.0,426.0,830.0,498.0,536,510,310,502,91,407
02c47bf28.jpg,55,147,523,278,541,298,554.0,279.0,992.0,132.0,998.0,278.0,828.0,419.0,540,404,322,404,65,246
02c8a71de.jpg,27,131,514,135,527,160,537.0,141.0,1008.0,100.0,992.0,176.0,606.0,389.0,516,395,399,376,77,201
02ca9b585.jpg,29,31,502,225,533,260,549.0,230.0,1012.0,26.0,966.0,140.0,652.0,485.0,557,493,441,503,38,187
02d191488.jpg,74,68,526,227,559,256,572.0,221.0,895.0,111.0,976.0,252.0,800.0,407.0,631,410,526,397,173,190
02d2a38ed.jpg,22,31,499,115,525,136,537.0,123.0,1013.0,6.0,993.0,78.0,598.0,319.0,537,324,474,316,78,104
02d30c6e4.jpg,21,49,326,161,342,172,358.0,163.0,668.0,79.0,671.0,139.0,406.0,278.0,343,286,288,280,26,92
02d6d1623.jpg,68,20,495,143,506,177,531.0,149.0,1027.0,21.0,988.0,115.0,718.0,260.0,497,266,218,273,35,130
02d79a2aa.jpg,43,50,543,139,557,163,566.0,136.0,977.0,34.0,1012.0,150.0,845.0,281.0,568,263,281,254,82,139
02d8c4c99.jpg,23,103,302,159,317,175,322.0,159.0,578.0,122.0,604.0,193.0,600.0,204.0,319,192,103,193,19,140
02dc197e1.jpg,259,285,428,286,439,311,446.0,289.0,1018.0,261.0,970.0,370.0,512.0,557.0,414,557,289,558,148,421
02deeee20.jpg,258,270,519,335,526,345,531.0,335.0,785.0,274.0,781.0,321.0,638.0,418.0,531,411,437,414,274,301
02df5693e.jpg,20,232,523,236,542,248,561.0,238.0,1028.0,231.0,1019.0,264.0,825.0,309.0,549,340,386,343,108,262
02dfe3c04.jpg,40,359,466,430,489,463,525.0,439.0,846.0,334.0,1024.0,414.0,794.0,545.0,467,597,252,640,31,479
02e548fa4.jpg,260,152,443,380,448,412,469.0,391.0,949.0,200.0,908.0,275.0,648.0,483.0,433,482,158,474,149,265
02e5c6e80.jpg,57,11,494,192,514,213,535.0,196.0,1005.0,10.0,1018.0,114.0,794.0,334.0,513,340,234,366,20,142
02e7b200c.jpg,31,8,500,138,512,163,530.0,137.0,1016.0,17.0,1020.0,89.0,748.0,270.0,500,264,220,266,23,99
02f250971.jpg,79,284,460,376,488,397,513.0,378.0,1013.0,255.0,985.0,314.0,885.0,368.0,490,413,56,392,22,374
02f402c31.jpg,83,155,508,149,514,172,527.0,153.0,882.0,79.0,942.0,167.0,548.0,346.0,487,355,330,337,119,240
02fa23b44.jpg,65,93,489,178,496,200,512.0,182.0,1018.0,103.0,966.0,186.0,574.0,356.0,462,358,243,359,30,196
02fafd711.jpg,79,146,472,356,505,399,538.0,350.0,962.0,153.0,994.0,274.0,781.0,534.0,532,544,289,563,49,297
02fc410b6.jpg,49,187,515,218,540,245,542.0,221.0,910.0,197.0,921.0,278.0,818.0,324.0,543,308,250,292,86,239
02fcd7f7c.jpg,46,23,493,168,517,198,541.0,172.0,1024.0,15.0,1011.0,124.0,590.0,399.0,514,394,401,386,43,120
02fd77da4.jpg,381,261,660,371,668,383,678.0,372.0,931.0,308.0,953.0,366.0,899.0,420.0,666,411,492,406,381,315
02fe15b8b.jpg,25,75,414,188,438,211,463.0,194.0,846.0,74.0,847.0,168.0,683.0,294.0,438,289,144,268,36,182
02fec85d6.jpg,10,19,242,68,254,77,263.0,67.0,462.0,22.0,475.0,60.0,397.0,103.0,254,104,143,110,22,52
0301ca72f.jpg,1,176,767,318,812,343,857.0,316.0,1696.0,91.0,1705.0,187.0,1188.0,442.0,813,428,440,424,2,273
0304d1ea3.jpg,31,49,489,201,512,230,534.0,205.0,1019.0,44.0,1000.0,181.0,617.0,421.0,511,420,426,421,39,167
03056d2b8.jpg,11,18,505,110,528,127,544.0,110.0,1015.0,31.0,1004.0,92.0,827.0,178.0,531,159,252,137,46,73
030628f8b.jpg,56,178,521,273,548,287,565.0,270.0,984.0,171.0,1021.0,227.0,726.0,417.0,566,445,374,414,71,254
0317a4ff9.jpg,10,94,314,88,331,108,346.0,93.0,697.0,102.0,672.0,137.0,427.0,182.0,327,167,167,171,21,126
03197f2f8.jpg,44,6,496,158,512,178,529.0,163.0,1009.0,44.0,997.0,133.0,736.0,301.0,500,297,248,271,31,93
031b230c7.jpg,39,192,531,330,545,351,557.0,331.0,989.0,190.0,1023.0,291.0,671.0,563.0,560,563,466,563,42,313
031b653a2.jpg,63,36,562,203,594,233,615.0,204.0,989.0,21.0,1016.0,145.0,871.0,363.0,589,342,328,319,90,142
031b6c2c4.jpg,16,13,502,192,518,219,527.0,199.0,1008.0,10.0,1015.0,115.0,772.0,274.0,509,319,302,313,40,112
031e19510.jpg,22,147,319,204,327,215,340.0,205.0,689.0,109.0,671.0,143.0,387.0,286.0,309,291,214,297,12,187
031e2f2e0.jpg,66,19,547,223,579,256,614.0,227.0,985.0,38.0,982.0,157.0,951.0,252.0,578,273,77,262,31,142
031e52425.jpg,58,226,499,381,517,402,534.0,381.0,979.0,224.0,983.0,335.0,712.0,565.0,519,579,326,558,58,343
0323e79ed.jpg,64,13,485,154,504,171,531.0,156.0,998.0,44.0,954.0,98.0,566.0,294.0,480,295,388,294,59,79
03282d26c.jpg,2,159,446,257,481,277,494.0,248.0,851.0,119.0,866.0,184.0,650.0,398.0,546,407,437,414,103,242
032adbd21.jpg,17,230,523,341,553,362,563.0,336.0,846.0,234.0,922.0,344.0,876.0,427.0,593,474,401,457,111,324
032dbd3ae.jpg,46,180,362,244,380,256,387.0,246.0,655.0,206.0,667.0,261.0,635.0,279.0,386,275,215,265,78,228
032dce04c.jpg,32,116,641,171,667,191,685.0,170.0,1361.0,54.0,1329.0,107.0,775.0,318.0,664,328,504,315,28,167
032fac6b9.jpg,66,14,509,196,524,224,542.0,200.0,1027.0,18.0,994.0,120.0,738.0,332.0,496,364,211,362,31,145
03325fea5.jpg,25,21,550,149,566,171,573.0,151.0,1015.0,40.0,1029.0,158.0,756.0,376.0,571,353,311,280,78,129
03339507c.jpg,77,196,423,422,443,451,471.0,426.0,994.0,200.0,1011.0,350.0,875.0,513.0,434,500,99,481,33,310
0334cf98b.jpg,56,62,285,129,305,157,326.0,135.0,598.0,45.0,561.0,135.0,416.0,281.0,298,289,190,254,46,121
033734195.jpg,25,285,500,396,525,431,548.0,399.0,1023.0,253.0,1022.0,353.0,803.0,531.0,536,525,204,523,26,379
0338c2abc.jpg,34,203,468,197,475,207,489.0,200.0,984.0,220.0,960.0,239.0,552.0,327.0,445,342,340,334,114,242
03398a6cc.jpg,149,63,504,391,523,424,532.0,394.0,923.0,265.0,962.0,406.0,704.0,623.0,526,602,417,561,156,181
033cf66cb.jpg,28,217,486,289,496,314,521.0,292.0,1018.0,212.0,966.0,260.0,672.0,422.0,479,410,126,358,27,274
034176bf3.jpg,45,80,488,172,498,198,523.0,173.0,1011.0,88.0,1023.0,121.0,658.0,330.0,497,333,350,356,25,145
0341a18ba.jpg,43,301,493,388,532,423,553.0,395.0,987.0,322.0,993.0,414.0,741.0,591.0,565,561,399,588,60,374
0346bbbe9.jpg,37,30,360,166,404,204,443.0,167.0,736.0,22.0,758.0,148.0,635.0,301.0,405,327,212,305,23,120
03471c92a.jpg,48,218,497,341,518,362,533.0,344.0,974.0,247.0,966.0,342.0,757.0,479.0,524,473,313,470,64,301
0347973a7.jpg,167,164,518,306,540,334,560.0,310.0,901.0,122.0,912.0,195.0,594.0,504.0,534,512,441,509,135,269
034b31ef4.jpg,35,48,502,126,516,151,524.0,129.0,1007.0,31.0,988.0,114.0,621.0,330.0,526,320,295,280,57,144
034e5fe12.jpg,51,164,496,259,511,279,536.0,261.0,1034.0,98.0,1022.0,159.0,688.0,379.0,510,375,273,376,44,254
035159746.jpg,46,24,546,252,570,279,589.0,245.0,963.0,41.0,1027.0,147.0,885.0,406.0,577,372,340,372,74,138
035558cb4.jpg,385,55,434,330,424,422,450.0,348.0,945.0,19.0,911.0,195.0,606.0,521.0,411,532,168,549,297,273
03563996a.jpg,54,75,498,200,548,256,581.0,203.0,1002.0,32.0,994.0,142.0,796.0,346.0,556,338,232,343,48,184
0356860be.jpg,69,105,573,151,590,156,598.0,142.0,877.0,15.0,980.0,58.0,827.0,243.0,620,227,409,221,130,149
035917e70.jpg,51,171,417,280,427,299,435.0,286.0,872.0,175.0,842.0,253.0,797.0,286.0,427,316,86,331,16,264
035b5bdb8.jpg,78,312,536,372,560,393,562.0,373.0,956.0,327.0,951.0,385.0,840.0,452.0,565,466,426,481,123,379
035cc12f2.jpg,58,214,521,388,554,421,568.0,392.0,974.0,223.0,1027.0,335.0,896.0,503.0,566,504,268,482,51,314
035ce8d51.jpg,21,292,718,286,730,297,738.0,285.0,1414.0,156.0,1464.0,240.0,1053.0,400.0,730,421,164,408,57,379
035d683ef.jpg,164,157,382,212,389,225,400.0,213.0,692.0,145.0,689.0,192.0,500.0,306.0,380,319,270,323,145,233
036ff6457.jpg,95,128,481,273,497,297,512.0,277.0,889.0,115.0,888.0,196.0,573.0,458.0,501,463,378,461,89,231
0370090ac.jpg,8,113,495,175,510,191,519.0,177.0,1016.0,113.0,995.0,161.0,671.0,285.0,520,290,388,299,30,151
03736acc1.jpg,96,180,522,294,526,345,536.0,301.0,868.0,300.0,885.0,454.0,764.0,540.0,515,504,362,488,126,284
03776d685.jpg,254,311,492,350,510,358,513.0,348.0,692.0,342.0,689.0,373.0,635.0,406.0,533,405,450,394,282,331
0378f59b5.jpg,163,216,503,251,521,272,534.0,254.0,869.0,221.0,877.0,284.0,625.0,403.0,522,399,445,407,167,282
037ce9282.jpg,46,51,487,275,509,309,528.0,275.0,955.0,41.0,978.0,128.0,859.0,321.0,510,338,141,326,31,146
037d3d4f7.jpg,69,211,431,272,449,299,469.0,277.0,967.0,227.0,937.0,279.0,495.0,425.0,425,435,315,428,41,271
037efd0e5.jpg,35,104,526,262,534,283,544.0,265.0,998.0,122.0,1040.0,228.0,829.0,402.0,533,393,237,365,18,197
0385abcf6.jpg,19,81,238,101,249,113,260.0,103.0,510.0,81.0,490.0,118.0,268.0,224.0,237,222,203,225,21,129
0387e6dd7.jpg,162,195,514,303,523,326,533.0,308.0,997.0,178.0,964.0,254.0,539.0,519.0,483,527,396,522,121,309
038b08ba9.jpg,52,31,485,177,510,214,528.0,177.0,826.0,42.0,864.0,155.0,605.0,416.0,529,410,404,401,57,155
038b50a77.jpg,120,231,451,245,452,271,474.0,255.0,1034.0,251.0,935.0,294.0,553.0,352.0,409,369,166,370,30,280
038b5f3f3.jpg,91,304,478,354,501,376,531.0,359.0,984.0,314.0,938.0,360.0,864.0,385.0,499,397,155,406,85,358
038c165c5.jpg,39,109,329,228,348,245,358.0,231.0,671.0,132.0,686.0,189.0,468.0,328.0,349,340,258,324,26,167
038e52f8d.jpg,82,168,480,276,497,296,510.0,277.0,834.0,211.0,870.0,337.0,786.0,410.0,510,418,303,396,111,267
038f6e50f.jpg,76,104,498,251,512,273,526.0,259.0,971.0,186.0,939.0,279.0,580.0,463.0,495,459,400,432,89,191
038ffb4ad.jpg,54,14,320,180,330,200,346.0,191.0,669.0,131.0,666.0,203.0,336.0,344.0,289,333,229,309,28,90
03908edc8.jpg,44,37,510,179,542,201,564.0,179.0,991.0,51.0,991.0,192.0,874.0,277.0,544,244,172,238,44,126
0392690b8.jpg,111,87,574,262,595,309,624.0,271.0,975.0,83.0,955.0,224.0,778.0,492.0,588,504,306,504,81,243
039533860.jpg,74,106,516,258,525,291,534.0,260.0,981.0,249.0,945.0,350.0,588.0,460.0,506,470,429,446,76,180
039739a4b.jpg,72,112,456,217,475,241,494.0,220.0,945.0,67.0,925.0,127.0,542.0,388.0,485,396,374,391,73,206
03976ceda.jpg,34,128,404,240,422,263,439.0,244.0,842.0,153.0,823.0,234.0,735.0,328.0,419,340,104,311,18,191
039916998.jpg,46,150,458,282,495,320,518.0,283.0,943.0,53.0,965.0,152.0,675.0,444.0,509,469,354,490,24,269
039bcc0f7.jpg,16,22,525,148,546,161,566.0,148.0,983.0,25.0,1019.0,135.0,673.0,357.0,550,359,449,347,59,144
039fcf391.jpg,36,357,512,458,527,485,543.0,462.0,990.0,359.0,1009.0,466.0,899.0,542.0,527,525,108,499,23,431
03a224d12.jpg,261,199,459,256,470,272,492.0,257.0,719.0,186.0,710.0,224.0,504.0,352.0,460,353,396,351,246,243
03a40c773.jpg,142,203,429,330,440,348,458.0,332.0,1020.0,196.0,952.0,284.0,811.0,362.0,437,373,56,379,64,253
03a5587fe.jpg,93,60,414,372,420,407,435.0,379.0,931.0,228.0,936.0,407.0,826.0,531.0,402,468,154,352,71,187
03acedeac.jpg,20,54,310,88,326,103,337.0,89.0,603.0,50.0,605.0,96.0,437.0,179.0,326,173,205,166,48,105
03b0bd5dd.jpg,129,126,502,213,520,237,536.0,216.0,877.0,127.0,922.0,270.0,620.0,461.0,510,464,400,457,106,287
03b6593e9.jpg,75,133,482,222,493,240,501.0,225.0,915.0,131.0,904.0,186.0,635.0,334.0,493,327,258,286,88,188
03b7870be.jpg,18,157,365,236,382,247,395.0,234.0,610.0,189.0,660.0,233.0,544.0,316.0,384,298,265,287,53,189
03b82f755.jpg,31,15,546,183,576,209,580.0,182.0,963.0,12.0,1030.0,117.0,767.0,380.0,652,396,545,378,81,115
03b9e3dea.jpg,167,141,515,194,526,217,533.0,197.0,1012.0,127.0,940.0,186.0,555.0,403.0,507,409,427,408,127,227
03bb5b068.jpg,86,61,340,140,356,151,363.0,138.0,546.0,11.0,570.0,75.0,524.0,166.0,355,169,149,185,94,122
03bb68e77.jpg,51,128,495,223,519,263,548.0,230.0,1027.0,148.0,1032.0,199.0,601.0,462.0,519,453,417,455,42,223
03be3723c.jpg,151,71,429,197,426,233,452.0,212.0,1030.0,62.0,972.0,153.0,659.0,318.0,371,356,105,392,25,221
03bfcbcf4.jpg,49,210,482,303,529,347,556.0,316.0,1003.0,167.0,1012.0,258.0,789.0,486.0,526,497,275,501,69,333
03c70fa51.jpg,126,72,455,189,469,220,496.0,201.0,993.0,146.0,942.0,248.0,611.0,390.0,448,399,212,406,50,206
03c7a583e.jpg,25,15,507,121,533,144,549.0,123.0,1013.0,20.0,1007.0,96.0,753.0,226.0,532,190,167,129,63,83
03cd2ba51.jpg,147,218,455,296,466,310,489.0,300.0,881.0,209.0,840.0,264.0,607.0,371.0,456,400,261,413,113,278
03d0be3ab.jpg,253,120,490,264,486,288,507.0,268.0,856.0,176.0,821.0,233.0,531.0,423.0,435,435,334,435,178,205
03d41255d.jpg,42,216,523,258,538,269,552.0,256.0,1010.0,212.0,998.0,271.0,645.0,422.0,541,429,451,416,100,275
03d494223.jpg,69,41,509,229,525,261,534.0,233.0,986.0,20.0,985.0,127.0,745.0,410.0,552,423,209,412,43,220
03d6acf15.jpg,87,147,509,275,537,304,549.0,278.0,921.0,151.0,954.0,262.0,665.0,524.0,524,505,376,481,113,241
03dcf5c8e.jpg,17,128,418,212,432,223,439.0,213.0,610.0,208.0,689.0,283.0,579.0,355.0,495,361,428,342,104,200
03e23d88f.jpg,81,247,844,365,890,393,931.0,365.0,1671.0,238.0,1703.0,336.0,1531.0,417.0,890,419,255,424,45,319
03e3599f3.jpg,27,102,521,218,536,235,541.0,222.0,988.0,179.0,1014.0,246.0,671.0,407.0,556,405,457,377,49,163
03e562e8f.jpg,32,190,386,253,414,275,438.0,260.0,855.0,167.0,831.0,227.0,560.0,354.0,406,359,181,353,15,246
03ef29298.jpg,52,168,495,361,526,381,550.0,362.0,961.0,154.0,988.0,254.0,646.0,565.0,528,563,431,558,45,251
03ef35d6e.jpg,73,265,458,377,474,402,497.0,385.0,1032.0,294.0,977.0,366.0,565.0,545.0,440,538,226,535,13,353
03efb0fdb.jpg,8,25,291,148,328,178,331.0,135.0,474.0,14.0,640.0,153.0,607.0,236.0,345,207,133,153,34,87
03f0758d8.jpg,31,123,258,177,277,189,285.0,179.0,513.0,103.0,527.0,144.0,482.0,192.0,274,197,34,188,17,161
03f1f348e.jpg,7,171,507,304,530,322,544.0,304.0,1033.0,180.0,1032.0,242.0,670.0,468.0,541,464,383,455,30,240
03f4675ff.jpg,50,203,492,311,514,336,523.0,312.0,908.0,205.0,954.0,311.0,810.0,452.0,528,450,319,421,78,271
03f49a3b3.jpg,6,260,488,256,500,267,514.0,260.0,1019.0,244.0,929.0,249.0,554.0,385.0,496,378,353,349,104,264
03fa69c40.jpg,76,108,327,244,340,262,354.0,249.0,656.0,93.0,650.0,155.0,467.0,327.0,331,333,180,344,33,179
040270cba.jpg,41,158,517,311,532,356,540.0,315.0,1019.0,174.0,1006.0,295.0,588.0,589.0,528,584,418,564,50,296
0402f7a49.jpg,39,52,518,214,549,243,553.0,217.0,924.0,47.0,1012.0,164.0,897.0,328.0,568,325,361,314,86,134
04066a98e.jpg,53,143,501,335,524,357,546.0,339.0,1001.0,187.0,1012.0,283.0,696.0,469.0,518,472,339,463,20,233
0407436a4.jpg,35,70,512,173,530,189,539.0,175.0,1003.0,25.0,1016.0,139.0,704.0,333.0,553,344,391,335,42,162
04094ac0b.jpg,453,316,529,359,538,370,553.0,359.0,669.0,322.0,665.0,354.0,609.0,390.0,533,400,458,392,437,349
0409c48d7.jpg,35,23,255,122,274,141,287.0,121.0,444.0,26.0,483.0,94.0,343.0,241.0,290,243,246,231,39,84
040ce705a.jpg,36,140,509,274,530,294,546.0,275.0,975.0,183.0,970.0,316.0,626.0,510.0,530,516,449,505,35,273
040d790e5.jpg,45,30,500,200,533,244,563.0,204.0,1017.0,31.0,1017.0,157.0,847.0,332.0,535,319,197,284,44,148
040da527c.jpg,182,352,505,344,515,359,540.0,340.0,969.0,293.0,907.0,332.0,604.0,457.0,477,460,333,465,180,394
04153ce6d.jpg,35,98,514,296,542,314,559.0,295.0,993.0,85.0,1020.0,173.0,676.0,470.0,537,474,404,455,45,188
0415a291e.jpg,66,16,468,168,495,191,518.0,173.0,992.0,15.0,1007.0,107.0,648.0,336.0,489,329,246,307,23,128
041724be8.jpg,205,147,470,319,491,340,522.0,322.0,948.0,212.0,935.0,290.0,863.0,380.0,463,381,136,396,133,248
041c117be.jpg,23,100,425,219,449,243,455.0,221.0,720.0,100.0,805.0,213.0,619.0,400.0,514,406,459,408,43,163
041e3d502.jpg,67,73,219,127,226,135,235.0,128.0,446.0,58.0,435.0,101.0,245.0,226.0,215,235,166,227,40,125
042870651.jpg,59,161,443,241,453,262,463.0,244.0,849.0,165.0,840.0,214.0,718.0,278.0,453,274,192,268,61,216
042a3d0b3.jpg,373,255,553,318,564,325,566.0,318.0,703.0,305.0,722.0,331.0,667.0,360.0,578,352,530,352,390,275
042c4e1a4.jpg,32,281,492,418,525,456,541.0,428.0,991.0,276.0,1018.0,355.0,690.0,586.0,531,576,326,565,35,365
042caa5be.jpg,71,212,516,327,535,339,552.0,333.0,912.0,215.0,919.0,267.0,686.0,455.0,644,451,571,436,142,300
043029c07.jpg,65,224,506,367,510,397,525.0,373.0,1012.0,236.0,998.0,323.0,754.0,507.0,485,503,189,512,43,352
0434082ad.jpg,93,125,431,207,444,229,454.0,210.0,851.0,127.0,825.0,184.0,507.0,368.0,428,364,339,357,73,185
0434a290d.jpg,18,56,471,104,487,117,505.0,105.0,1024.0,38.0,975.0,62.0,530.0,243.0,457,247,353,241,89,80
0435d5d4b.jpg,77,35,532,122,553,140,572.0,120.0,972.0,71.0,994.0,141.0,659.0,313.0,559,319,486,304,107,104
043a20d25.jpg,138,127,467,218,478,240,510.0,221.0,1016.0,123.0,981.0,198.0,822.0,292.0,453,310,143,348,50,226
043b78dc6.jpg,63,172,515,299,528,320,541.0,304.0,981.0,212.0,981.0,279.0,841.0,358.0,527,352,227,335,66,232
04448a8ce.jpg,131,272,492,364,499,377,946.0,175.0,961.0,188.0,922.0,242.0,581.0,478.0,413,476,211,460,80,348
044b2a2ae.jpg,320,270,461,315,466,328,481.0,315.0,679.0,257.0,652.0,297.0,467.0,408.0,438,408,386,404,300,316
044df2889.jpg,18,9,303,82,312,89,321.0,83.0,595.0,10.0,601.0,70.0,377.0,198.0,310,199,257,196,21,64
04505f712.jpg,50,59,500,239,537,275,556.0,235.0,899.0,49.0,965.0,182.0,666.0,498.0,526,444,348,379,98,172
04515138c.jpg,109,109,537,210,570,241,577.0,208.0,703.0,128.0,794.0,264.0,698.0,485.0,588,485,523,483,154,217
0455267bb.jpg,183,106,398,147,408,168,445.0,160.0,866.0,133.0,802.0,172.0,499.0,261.0,340,286,207,289,96,161
045793afd.jpg,25,69,529,266,571,299,615.0,268.0,1011.0,83.0,1036.0,223.0,830.0,414.0,571,403,284,377,30,180
04585916b.jpg,39,102,1261,158,1290,170,1322.0,158.0,2681.0,134.0,2586.0,162.0,1661.0,272.0,1272,267,619,240,87,145
0458c300b.jpg,225,288,410,431,427,459,439.0,439.0,673.0,258.0,702.0,348.0,619.0,560.0,418,565,337,566,218,374
0459eab3f.jpg,69,279,774,349,809,364,819.0,350.0,1565.0,268.0,1523.0,309.0,1170.0,423.0,802,460,473,449,90,316
045bbb167.jpg,53,158,486,312,512,333,534.0,315.0,998.0,163.0,985.0,251.0,694.0,470.0,515,494,296,473,33,263
045cd8ae8.jpg,22,287,504,255,515,264,527.0,252.0,1024.0,184.0,996.0,231.0,768.0,317.0,521,340,214,344,60,326
045cef3d0.jpg,52,83,405,194,408,220,420.0,198.0,845.0,81.0,845.0,132.0,458.0,426.0,380,416,240,423,19,206
045db6357.jpg,51,165,497,282,512,311,531.0,289.0,1010.0,175.0,1018.0,250.0,660.0,453.0,497,437,311,426,28,249
04622e32d.jpg,14,135,367,182,384,196,387.0,180.0,642.0,101.0,683.0,210.0,614.0,300.0,417,297,250,284,52,197
046332912.jpg,374,320,478,379,483,392,498.0,385.0,683.0,328.0,654.0,363.0,526.0,418.0,479,423,355,415,335,355
04638e01d.jpg,28,31,563,98,582,108,599.0,96.0,1003.0,40.0,998.0,106.0,823.0,184.0,598,203,425,181,109,77
04653d8fc.jpg,51,27,510,161,528,190,540.0,165.0,1017.0,33.0,1021.0,116.0,726.0,364.0,526,353,270,338,52,149
0469731bc.jpg,27,98,523,214,548,238,561.0,216.0,1005.0,228.0,1007.0,288.0,711.0,369.0,544,389,459,391,99,179
046e37901.jpg,90,306,456,420,488,443,504.0,421.0,877.0,271.0,972.0,317.0,788.0,487.0,488,514,270,514,63,384
04708836a.jpg,56,213,516,410,546,432,578.0,411.0,994.0,187.0,1041.0,271.0,890.0,460.0,550,474,266,480,67,310
047604b6c.jpg,76,148,416,281,433,300,469.0,293.0,1009.0,158.0,993.0,221.0,696.0,339.0,432,327,71,311,3,229
04761acfb.jpg,29,50,536,86,554,106,565.0,89.0,1000.0,51.0,1020.0,125.0,699.0,257.0,575,284,498,273,68,113
0477794ee.jpg,17,17,114,45,121,54,125.0,48.0,227.0,13.0,226.0,38.0,147.0,102.0,120,104,96,103,22,46
047c24ea6.jpg,96,9,456,167,466,183,490.0,169.0,1033.0,22.0,1007.0,84.0,721.0,216.0,460,237,159,220,14,94
047f23339.jpg,61,231,516,339,522,363,530.0,339.0,984.0,235.0,972.0,335.0,702.0,485.0,520,509,398,517,69,327
047f3949c.jpg,52,242,495,384,512,406,535.0,385.0,1022.0,251.0,967.0,367.0,592.0,600.0,512,605,394,595,46,339
04822fc4b.jpg,55,144,328,252,333,267,340.0,256.0,683.0,191.0,663.0,238.0,543.0,306.0,327,300,42,271,16,207
048243c9a.jpg,40,12,502,243,522,269,547.0,248.0,1035.0,56.0,956.0,198.0,614.0,487.0,503,504,407,483,31,117
0483452b5.jpg,18,29,542,223,568,244,578.0,219.0,969.0,17.0,1042.0,141.0,937.0,283.0,584,318,345,361,40,141
048606a80.jpg,41,273,504,422,521,438,537.0,423.0,1017.0,273.0,1018.0,380.0,775.0,539.0,520,552,244,531,26,382
0486d64df.jpg,19,32,205,65,215,75,227.0,69.0,445.0,26.0,444.0,55.0,233.0,150.0,202,151,150,143,18,62
048762f18.jpg,220,193,505,284,538,311,535.0,282.0,606.0,194.0,769.0,307.0,775.0,380.0,573,399,505,396,301,274
048803f5b.jpg,59,71,397,145,422,163,419.0,142.0,637.0,87.0,702.0,183.0,679.0,217.0,463,255,401,263,122,132
0489c432d.jpg,191,184,485,279,488,339,501.0,311.0,962.0,175.0,849.0,328.0,624.0,479.0,436,484,98,486,102,351
048ab10a5.jpg,72,196,497,284,503,299,510.0,289.0,1016.0,197.0,1011.0,249.0,691.0,381.0,499,381,176,356,20,257
048bbca71.jpg,567,77,648,130,653,143,660.0,131.0,780.0,92.0,770.0,138.0,698.0,210.0,664,208,632,211,562,124
048d0c59a.jpg,33,153,329,228,332,248,346.0,233.0,694.0,136.0,681.0,184.0,448.0,332.0,304,326,132,336,10,221
04900b886.jpg,65,27,549,226,593,280,601.0,233.0,947.0,32.0,1027.0,166.0,852.0,447.0,693,469,245,316,118,192
04901bb01.jpg,56,197,480,278,494,296,510.0,283.0,997.0,191.0,962.0,286.0,725.0,387.0,488,375,207,392,35,295
049202dd2.jpg,11,76,420,143,458,169,496.0,138.0,992.0,78.0,1014.0,175.0,579.0,382.0,484,371,386,354,126,143
04931bb7a.jpg,50,316,496,344,512,354,520.0,345.0,1011.0,317.0,977.0,317.0,552.0,469.0,498,478,397,460,74,315
0493ff477.jpg,28,114,365,219,371,238,389.0,224.0,727.0,147.0,725.0,231.0,585.0,322.0,365,316,211,305,40,184
04966287f.jpg,65,244,513,280,531,302,542.0,285.0,980.0,234.0,967.0,315.0,619.0,482.0,526,480,456,480,90,310
049790c4a.jpg,95,170,454,341,467,367,494.0,350.0,1012.0,171.0,1019.0,240.0,704.0,426.0,469,426,90,386,10,266
0499ebf05.jpg,16,166,514,216,524,225,537.0,219.0,1030.0,192.0,1006.0,224.0,627.0,365.0,527,370,433,355,67,199
049bcf04f.jpg,29,24,520,137,534,152,545.0,137.0,1022.0,10.0,1012.0,100.0,648.0,322.0,545,325,452,314,57,112
049be1586.jpg,79,31,501,101,518,109,536.0,100.0,1017.0,46.0,977.0,96.0,777.0,156.0,520,180,241,168,55,91
049c26660.jpg,82,322,534,344,553,348,556.0,334.0,880.0,49.0,948.0,120.0,729.0,457.0,628,480,400,473,136,390
049c91eea.jpg,40,105,422,174,433,182,445.0,175.0,876.0,80.0,862.0,115.0,596.0,239.0,429,253,235,247,37,149
049fa60f6.jpg,31,92,418,163,433,186,439.0,165.0,833.0,75.0,823.0,167.0,623.0,293.0,436,289,239,271,64,173
04a189b7f.jpg,51,238,518,359,541,372,558.0,357.0,981.0,218.0,1008.0,308.0,650.0,540.0,557,540,464,531,40,310
04a20260c.jpg,93,105,394,210,404,242,414.0,217.0,809.0,81.0,786.0,151.0,582.0,300.0,396,310,119,294,45,173
04a21e189.jpg,99,233,487,375,503,404,516.0,383.0,970.0,239.0,966.0,314.0,928.0,353.0,500,424,182,495,58,348
04a2d7b74.jpg,82,60,502,203,517,233,528.0,207.0,975.0,55.0,974.0,155.0,817.0,323.0,518,314,162,292,57,167
04a3745a0.jpg,8,10,523,80,543,94,550.0,81.0,1019.0,22.0,1033.0,63.0,871.0,158.0,549,149,201,124,51,59
04a49dade.jpg,33,197,428,313,449,321,457.0,311.0,737.0,203.0,790.0,271.0,768.0,318.0,450,334,197,352,43,262
04a74df45.jpg,35,54,526,213,546,230,555.0,210.0,961.0,45.0,1031.0,140.0,708.0,429.0,584,424,498,414,66,146
04a973240.jpg,15,21,517,108,527,131,540.0,112.0,1042.0,16.0,996.0,97.0,595.0,349.0,533,346,416,348,47,114
04ab8f618.jpg,26,9,165,62,167,72,174.0,65.0,337.0,5.0,333.0,28.0,173.0,135.0,154,137,112,125,11,38
04adf88e9.jpg,73,166,462,212,475,233,494.0,212.0,981.0,84.0,937.0,127.0,669.0,241.0,445,286,185,317,18,230
04ae2380d.jpg,41,101,564,264,602,306,626.0,276.0,999.0,105.0,1017.0,130.0,993.0,150.0,621,440,474,526,62,234
04af29309.jpg,50,121,520,264,535,283,546.0,264.0,959.0,114.0,983.0,220.0,822.0,370.0,533,320,251,315,73,195
04b3ac13b.jpg,11,323,540,394,562,416,573.0,389.0,976.0,313.0,1022.0,426.0,869.0,553.0,601,540,381,552,73,402
04b5a2d33.jpg,10,217,624,237,653,258,652.0,236.0,924.0,207.0,1037.0,306.0,1011.0,347.0,684,370,266,344,93,301
04b97cc6f.jpg,83,31,429,189,434,216,458.0,201.0,993.0,23.0,976.0,96.0,502.0,387.0,383,385,170,360,16,152
04ba76e7a.jpg,30,10,313,115,321,125,327.0,114.0,551.0,5.0,577.0,79.0,394.0,254.0,323,239,239,215,42,77
04c193d2d.jpg,34,57,522,195,543,209,559.0,196.0,1002.0,59.0,1017.0,130.0,684.0,346.0,562,359,460,356,48,126
04c254622.jpg,158,250,482,370,495,384,511.0,375.0,903.0,331.0,888.0,376.0,699.0,436.0,495,429,321,437,154,314
04c72257b.jpg,40,16,511,134,522,162,541.0,138.0,1009.0,20.0,1006.0,124.0,744.0,284.0,519,281,285,267,54,117
04cb9fe4e.jpg,36,197,535,264,549,285,558.0,268.0,1026.0,203.0,986.0,280.0,688.0,442.0,554,433,381,429,68,282
04cbf7ba9.jpg,84,185,500,269,517,283,533.0,268.0,955.0,163.0,973.0,242.0,599.0,441.0,520,438,340,422,75,265
04ccad4df.jpg,282,273,512,337,527,347,543.0,344.0,777.0,289.0,780.0,344.0,696.0,388.0,526,383,393,379,275,310
04ccea35b.jpg,72,131,281,176,291,188,306.0,183.0,576.0,126.0,558.0,190.0,396.0,308.0,286,316,96,304,41,221
04d275a05.jpg,39,66,517,214,532,233,541.0,215.0,1007.0,21.0,1013.0,148.0,732.0,378.0,545,378,360,389,52,189
04d459352.jpg,49,111,529,276,542,301,548.0,280.0,977.0,32.0,991.0,158.0,837.0,333.0,545,343,192,349,60,232
04db9c5d8.jpg,2,148,329,196,359,213,371.0,195.0,648.0,98.0,663.0,171.0,496.0,288.0,395,294,265,330,1,223
04e1e4c3a.jpg,103,314,472,334,470,354,487.0,337.0,915.0,247.0,873.0,317.0,700.0,391.0,451,391,167,409,111,354
04e3e0baa.jpg,60,87,330,229,319,258,348.0,241.0,681.0,208.0,659.0,258.0,563.0,296.0,303,280,139,270,31,137
04e4265ce.jpg,245,131,533,237,540,255,554.0,242.0,913.0,152.0,872.0,212.0,661.0,311.0,526,301,314,304,221,201
04e8520b6.jpg,36,23,287,90,300,101,305.0,91.0,516.0,21.0,543.0,63.0,369.0,187.0,301,180,259,177,32,52
04e99f9d1.jpg,356,336,555,417,560,434,568.0,421.0,798.0,370.0,797.0,394.0,698.0,471.0,556,472,412,459,340,376
04eb3829e.jpg,28,11,545,149,572,174,581.0,150.0,995.0,16.0,1027.0,86.0,721.0,324.0,608,326,536,321,61,66
04eb43378.jpg,164,146,513,266,519,282,538.0,262.0,923.0,140.0,943.0,192.0,573.0,439.0,508,441,399,443,124,229
04eec03fa.jpg,69,164,505,304,519,313,531.0,301.0,931.0,162.0,959.0,242.0,700.0,459.0,519,448,360,450,76,248
04ef6e1d6.jpg,253,292,557,394,576,416,587.0,398.0,893.0,230.0,911.0,301.0,675.0,511.0,583,523,435,516,237,380
04f4a94e0.jpg,74,87,473,204,481,231,497.0,217.0,1021.0,89.0,998.0,139.0,736.0,285.0,451,307,179,315,16,161
04f4e3b1b.jpg,78,80,518,140,538,160,555.0,147.0,1017.0,90.0,961.0,171.0,602.0,368.0,482,375,307,414,37,206
04feb7ede.jpg,35,100,537,219,555,237,572.0,216.0,992.0,97.0,1019.0,173.0,906.0,273.0,549,281,218,262,31,126
05012a14f.jpg,56,33,491,142,500,163,519.0,145.0,996.0,37.0,990.0,101.0,599.0,314.0,495,304,331,293,36,111
05081c5c8.jpg,50,198,554,284,567,296,579.0,285.0,976.0,195.0,1009.0,273.0,717.0,442.0,601,451,516,445,108,275
0508b88d1.jpg,33,13,487,215,507,247,535.0,222.0,1022.0,142.0,1005.0,228.0,697.0,396.0,491,394,390,412,32,107
050a06daf.jpg,37,17,513,289,528,316,534.0,294.0,858.0,96.0,964.0,261.0,945.0,341.0,530,358,193,321,40,155
050a33d81.jpg,234,200,466,258,469,286,483.0,264.0,924.0,189.0,900.0,271.0,594.0,451.0,442,453,266,458,173,300
050f6bcac.jpg,33,123,408,189,424,205,440.0,191.0,877.0,124.0,843.0,205.0,513.0,365.0,420,340,207,326,14,199
0514e3099.jpg,41,204,513,358,531,392,545.0,357.0,1008.0,161.0,1020.0,274.0,840.0,483.0,532,492,242,504,45,333
051a9fba7.jpg,201,239,480,364,509,395,533.0,373.0,878.0,244.0,881.0,317.0,671.0,490.0,515,539,430,552,174,348
051c91d38.jpg,35,246,509,317,533,337,558.0,317.0,1008.0,235.0,998.0,323.0,652.0,497.0,536,499,425,498,67,327
051ec255b.jpg,80,18,1122,111,1173,135,1213.0,116.0,2316.0,11.0,2240.0,95.0,1796.0,204.0,1171,203,479,214,88,87
051fd9a67.jpg,30,55,530,186,556,204,565.0,182.0,983.0,48.0,1020.0,154.0,770.0,365.0,573,331,334,293,45,115
051fda3c9.jpg,48,48,481,135,489,179,500.0,138.0,1003.0,65.0,985.0,174.0,625.0,371.0,475,349,299,360,32,167
052426f5a.jpg,29,142,522,245,533,262,548.0,248.0,1026.0,296.0,997.0,330.0,871.0,329.0,542,314,359,307,66,199
053050f19.jpg,31,86,521,213,543,230,563.0,215.0,992.0,92.0,1022.0,220.0,856.0,339.0,548,337,270,337,42,196
0530b717d.jpg,50,308,543,337,566,364,575.0,327.0,1000.0,81.0,1029.0,177.0,846.0,410.0,596,442,260,428,61,394
0537c274b.jpg,27,17,535,140,557,164,576.0,146.0,998.0,35.0,1019.0,203.0,957.0,266.0,561,235,150,203,26,124
053e58e3a.jpg,446,291,698,384,716,400,729.0,390.0,975.0,359.0,971.0,418.0,861.0,470.0,711,459,616,457,458,343
05422a5f9.jpg,19,242,429,284,448,293,467.0,283.0,867.0,228.0,858.0,251.0,684.0,308.0,447,326,230,328,53,269
0545f65f0.jpg,55,238,506,345,520,358,536.0,345.0,1017.0,233.0,1023.0,273.0,692.0,467.0,516,443,228,425,43,311
0547760d4.jpg,41,168,435,328,449,348,466.0,328.0,857.0,170.0,869.0,258.0,705.0,414.0,449,403,211,404,37,252
05483b514.jpg,103,263,525,303,536,312,544.0,302.0,948.0,267.0,938.0,308.0,847.0,351.0,540,367,289,375,105,302
0548e7010.jpg,51,26,444,212,471,236,466.0,219.0,842.0,17.0,918.0,135.0,657.0,478.0,584,475,464,473,136,151
054903fdf.jpg,18,16,492,165,525,184,551.0,162.0,996.0,3.0,1015.0,88.0,713.0,354.0,550,364,418,356,37,85
0549da110.jpg,110,143,534,324,561,347,574.0,323.0,853.0,128.0,894.0,271.0,834.0,444.0,563,430,288,441,102,252
054bb95c0.jpg,60,155,504,292,519,320,526.0,292.0,964.0,147.0,968.0,287.0,765.0,481.0,515,473,292,447,73,251
054df30ea.jpg,219,179,401,280,411,306,429.0,283.0,796.0,177.0,776.0,252.0,681.0,343.0,406,366,221,380,197,248
0550c2e23.jpg,288,210,396,254,396,288,414.0,262.0,797.0,166.0,738.0,258.0,416.0,424.0,341,445,207,453,195,300
05536ec4b.jpg,58,215,507,319,543,346,561.0,315.0,994.0,90.0,1003.0,238.0,704.0,490.0,558,474,172,427,100,354
05550c64d.jpg,35,221,539,337,548,347,555.0,336.0,989.0,271.0,1021.0,338.0,970.0,362.0,552,402,220,398,38,276
05582437e.jpg,49,112,505,237,522,256,544.0,240.0,1004.0,159.0,1011.0,241.0,760.0,375.0,524,352,293,341,35,186
0559d1986.jpg,58,56,514,213,527,231,542.0,214.0,1000.0,61.0,1016.0,136.0,673.0,362.0,529,367,394,369,43,132
055c517dc.jpg,80,34,459,119,468,134,489.0,122.0,1019.0,24.0,1014.0,76.0,544.0,286.0,445,284,238,278,11,119
055c8ba66.jpg,18,93,324,192,337,205,351.0,195.0,666.0,139.0,672.0,179.0,487.0,284.0,336,289,201,274,19,145
056472b40.jpg,19,6,525,170,545,191,551.0,171.0,1010.0,9.0,1039.0,88.0,887.0,238.0,550,266,335,270,26,62
05656dfcc.jpg,142,31,507,206,534,221,530.0,209.0,621.0,20.0,706.0,129.0,751.0,258.0,703,301,662,394,297,246
0567bf644.jpg,48,44,430,228,439,247,454.0,235.0,848.0,196.0,851.0,272.0,616.0,368.0,422,335,269,307,48,114
056b5e3d4.jpg,36,38,519,208,534,230,544.0,211.0,991.0,13.0,1031.0,90.0,740.0,364.0,536,372,368,359,40,130
056cd345d.jpg,29,141,317,209,332,229,346.0,212.0,680.0,146.0,648.0,213.0,415.0,337.0,333,343,240,340,24,209
0573f5df2.jpg,54,248,470,345,493,366,508.0,345.0,848.0,313.0,858.0,395.0,638.0,519.0,508,522,424,519,103,334
05755e2b6.jpg,73,43,534,227,546,232,556.0,226.0,982.0,38.0,1009.0,127.0,660.0,436.0,557,441,481,435,66,132
0576b4452.jpg,296,170,495,246,502,255,508.0,247.0,695.0,204.0,702.0,238.0,619.0,288.0,508,289,430,281,305,200
057881bb1.jpg,31,125,510,239,530,257,544.0,238.0,966.0,90.0,988.0,200.0,634.0,446.0,540,444,440,430,33,207
057b3ac05.jpg,114,180,483,292,490,301,507.0,294.0,998.0,179.0,983.0,242.0,760.0,353.0,475,395,226,407,44,269
057b93fda.jpg,298,86,574,158,588,176,594.0,160.0,813.0,114.0,839.0,158.0,658.0,293.0,584,298,556,294,318,128
057bae8d4.jpg,53,335,563,436,568,466,575.0,439.0,967.0,332.0,988.0,414.0,803.0,531.0,559,550,225,543,59,445
057bfa93a.jpg,24,11,513,173,525,197,531.0,175.0,999.0,85.0,995.0,171.0,939.0,211.0,525,211,177,192,43,90
057cacebe.jpg,120,65,454,195,457,215,463.0,200.0,893.0,20.0,857.0,120.0,698.0,266.0,458,286,152,306,55,159
05814a957.jpg,18,238,539,367,566,396,578.0,366.0,983.0,243.0,1021.0,386.0,809.0,596.0,576,590,442,581,74,347
0583589ed.jpg,11,15,124,40,131,43,136.0,39.0,240.0,17.0,241.0,38.0,228.0,52.0,130,50,35,50,13,33
058868867.jpg,60,315,492,343,498,363,511.0,345.0,981.0,321.0,968.0,371.0,588.0,498.0,463,500,324,477,50,368
0589ce65b.jpg,56,108,491,210,504,232,519.0,213.0,1003.0,103.0,1006.0,185.0,693.0,386.0,511,383,278,371,23,192
0591cdb44.jpg,51,99,316,200,326,214,342.0,204.0,690.0,131.0,666.0,183.0,422.0,294.0,323,297,151,271,15,170
0598630de.jpg,30,211,516,252,525,276,527.0,254.0,1009.0,213.0,987.0,285.0,748.0,378.0,538,403,313,388,54,285
059e3cf5b.jpg,19,6,508,180,533,197,555.0,186.0,1012.0,7.0,1029.0,148.0,1009.0,183.0,533,202,182,195,52,91
05a0ebd38.jpg,34,16,510,133,524,154,540.0,134.0,1015.0,16.0,1013.0,121.0,652.0,343.0,513,348,400,341,40,114
05a66c837.jpg,239,232,452,290,464,298,472.0,291.0,646.0,246.0,661.0,283.0,505.0,381.0,467,379,442,376,254,267
05a967957.jpg,48,176,528,293,553,316,564.0,293.0,896.0,179.0,945.0,280.0,926.0,347.0,550,362,307,406,88,263
05ae4c2db.jpg,47,124,323,196,334,206,348.0,197.0,676.0,128.0,677.0,162.0,366.0,320.0,311,316,222,315,31,179
05b7d6dfa.jpg,52,46,466,184,487,205,511.0,186.0,1027.0,60.0,973.0,131.0,623.0,320.0,475,311,231,307,33,154
05bb51f99.jpg,72,213,420,272,430,287,440.0,273.0,860.0,205.0,825.0,280.0,569.0,403.0,429,410,279,406,60,294
05bc4b14e.jpg,26,142,451,208,473,226,484.0,206.0,811.0,122.0,846.0,202.0,584.0,399.0,492,383,434,392,98,215
05bfc639d.jpg,47,116,309,194,318,215,329.0,196.0,581.0,110.0,573.0,183.0,533.0,232.0,318,226,36,184,32,166
05c6af025.jpg,36,286,463,394,479,433,490.0,403.0,953.0,265.0,942.0,371.0,645.0,582.0,476,579,283,579,24,389
05c85c8eb.jpg,99,16,467,303,486,338,523.0,319.0,1012.0,228.0,1007.0,340.0,656.0,527.0,443,528,309,526,28,160
05cb42d60.jpg,95,39,473,114,482,128,497.0,116.0,996.0,24.0,977.0,72.0,672.0,201.0,460,268,276,262,34,130
05d42c048.jpg,39,60,539,255,560,269,568.0,247.0,984.0,54.0,1026.0,164.0,875.0,332.0,566,340,290,293,57,141
05d5db36c.jpg,100,215,498,319,518,350,538.0,323.0,962.0,244.0,955.0,313.0,830.0,379.0,518,394,235,391,85,291
05d6517f2.jpg,9,2,544,310,575,348,579.0,316.0,972.0,354.0,1031.0,409.0,987.0,418.0,587,382,355,318,51,80
05d71e676.jpg,59,20,515,238,557,281,585.0,244.0,987.0,20.0,1021.0,151.0,918.0,295.0,556,295,194,272,55,115
05d9cc57a.jpg,75,185,498,283,510,311,528.0,288.0,1001.0,185.0,996.0,247.0,693.0,403.0,490,398,245,391,39,260
05da28fcb.jpg,125,34,521,221,547,257,565.0,223.0,922.0,91.0,940.0,282.0,739.0,510.0,593,488,524,500,59,157
05dae8342.jpg,62,126,384,192,397,205,409.0,191.0,731.0,120.0,727.0,171.0,494.0,276.0,397,278,251,277,63,180
05db04583.jpg,27,164,358,257,371,266,376.0,259.0,645.0,179.0,673.0,256.0,612.0,295.0,372,291,153,274,25,212
05dd0ee6b.jpg,50,149,496,178,514,196,523.0,180.0,907.0,146.0,939.0,220.0,633.0,357.0,532,353,445,344,72,209
05dfa3773.jpg,32,276,494,373,506,399,523.0,378.0,1045.0,285.0,1006.0,366.0,590.0,559.0,497,562,388,566,23,376
05e5e0e89.jpg,13,81,381,129,389,144,397.0,132.0,749.0,90.0,749.0,130.0,724.0,141.0,389,156,129,162,46,125
05e81e346.jpg,67,39,480,160,487,187,507.0,167.0,1011.0,20.0,974.0,117.0,618.0,359.0,451,363,263,372,25,170
05ea19d75.jpg,14,206,506,303,532,324,544.0,303.0,933.0,203.0,974.0,302.0,719.0,490.0,549,508,450,508,79,307
05ea2c861.jpg,45,290,515,427,527,451,540.0,429.0,1010.0,289.0,1024.0,376.0,855.0,483.0,529,486,125,440,35,370
05ed57e10.jpg,142,45,349,156,341,180,368.0,167.0,742.0,123.0,663.0,180.0,433.0,263.0,269,289,78,292,44,137
05ee04d0c.jpg,43,238,511,330,524,362,534.0,336.0,994.0,267.0,983.0,345.0,835.0,418.0,523,443,266,438,56,310

05eeabf1b.jpg,263,72,478,148,479,202,504.0,163.0,1005.0,62.0,854.0,217.0,493.0,505.0,443,565,210,639,43,311
05f2f037c.jpg,38,128,495,272,515,306,530.0,279.0,996.0,124.0,1023.0,222.0,652.0,506.0,507,489,316,486,33,254
05f71b26a.jpg,23,6,232,100,240,114,245.0,102.0,400.0,4.0,403.0,65.0,281.0,206.0,219,202,155,197,22,63
05fc2e35d.jpg,16,173,549,255,568,277,567.0,256.0,982.0,152.0,1037.0,220.0,909.0,346.0,582,329,277,320,76,222
060bacbc7.jpg,34,42,555,283,570,314,575.0,286.0,977.0,36.0,1019.0,174.0,855.0,407.0,579,404,199,374,52,173
060ffd336.jpg,94,243,508,323,527,335,534.0,322.0,897.0,228.0,916.0,294.0,714.0,445.0,552,446,375,430,126,306
0610203d1.jpg,82,12,534,345,547,384,565.0,348.0,966.0,23.0,967.0,183.0,836.0,458.0,549,511,172,536,37,196
0611099f3.jpg,34,117,309,187,317,196,325.0,188.0,634.0,123.0,629.0,177.0,455.0,277.0,315,268,146,261,18,170
06119661c.jpg,24,0,515,143,528,160,532.0,144.0,1010.0,26.0,1016.0,123.0,618.0,356.0,520,355,412,348,31,102
0613a4aa9.jpg,50,162,530,297,549,311,562.0,298.0,998.0,167.0,1025.0,264.0,759.0,416.0,555,407,321,392,33,245
0616cbd68.jpg,56,99,530,230,546,245,564.0,232.0,980.0,84.0,1012.0,154.0,670.0,373.0,557,372,453,366,52,165
06171a8a9.jpg,41,62,481,138,495,161,510.0,142.0,1010.0,79.0,974.0,133.0,535.0,326.0,472,322,343,314,25,120
06172ce2c.jpg,64,179,525,236,540,245,553.0,235.0,932.0,166.0,937.0,212.0,728.0,324.0,546,337,398,334,106,210
0617ca20a.jpg,49,123,307,159,319,170,335.0,161.0,675.0,115.0,690.0,152.0,375.0,285.0,311,295,248,298,6,179
0617cbeed.jpg,40,70,559,168,591,193,610.0,170.0,951.0,98.0,1015.0,220.0,769.0,391.0,599,393,548,377,141,179
0618f6c38.jpg,83,193,524,385,538,409,554.0,388.0,973.0,192.0,982.0,281.0,848.0,451.0,537,466,200,467,61,287
061996245.jpg,34,11,540,165,574,193,576.0,170.0,950.0,17.0,1036.0,142.0,765.0,380.0,625,381,560,374,68,96
061f833ab.jpg,19,96,190,167,195,177,203.0,167.0,394.0,102.0,396.0,170.0,228.0,288.0,196,292,139,283,13,186
06209926d.jpg,50,140,322,195,329,205,335.0,196.0,668.0,123.0,659.0,153.0,532.0,222.0,327,237,114,253,16,181
06245ed98.jpg,26,29,526,156,550,173,568.0,155.0,1000.0,29.0,1015.0,116.0,709.0,316.0,558,327,446,311,63,117
062699bef.jpg,114,154,351,261,354,281,378.0,270.0,669.0,171.0,642.0,259.0,398.0,408.0,305,396,122,428,12,249
06276874e.jpg,51,209,488,298,505,317,524.0,300.0,1001.0,219.0,1020.0,304.0,887.0,378.0,506,387,118,364,25,308
0628d4679.jpg,61,62,388,173,397,192,412.0,175.0,815.0,60.0,791.0,156.0,597.0,266.0,399,279,147,297,13,173
062d0bd7e.jpg,38,19,511,119,530,140,547.0,122.0,1011.0,19.0,994.0,137.0,699.0,304.0,533,326,416,342,56,139
06306504e.jpg,43,241,446,284,456,292,459.0,283.0,752.0,222.0,753.0,270.0,693.0,326.0,467,340,308,330,93,266
06307bbf6.jpg,35,178,506,290,522,316,537.0,293.0,969.0,175.0,978.0,278.0,707.0,464.0,524,516,438,499,74,282
0631db372.jpg,76,115,518,215,527,240,527.0,222.0,968.0,104.0,986.0,171.0,691.0,343.0,532,328,288,296,76,177
06336bf78.jpg,21,227,542,278,561,291,573.0,278.0,1003.0,203.0,1017.0,309.0,662.0,517.0,588,515,546,511,75,301
0633e8c04.jpg,12,22,534,140,552,156,570.0,137.0,1005.0,13.0,1021.0,87.0,737.0,282.0,566,296,432,282,41,69
063759573.jpg,127,154,461,316,470,341,471.0,319.0,801.0,145.0,813.0,238.0,535.0,519.0,470,524,404,515,127,234
06389a1fc.jpg,36,47,531,249,551,281,548.0,243.0,935.0,49.0,1027.0,251.0,972.0,381.0,551,308,180,226,95,154
0638c9ae1.jpg,22,117,489,203,503,226,531.0,207.0,1014.0,92.0,1024.0,145.0,613.0,362.0,480,385,349,393,28,195
063d5700d.jpg,54,218,526,312,538,334,552.0,314.0,959.0,213.0,955.0,354.0,859.0,425.0,537,414,312,461,79,331
063e89413.jpg,78,9,243,350,254,389,275.0,359.0,612.0,52.0,602.0,237.0,537.0,440.0,254,408,46,347,26,127
064bafe62.jpg,192,267,439,307,442,330,456.0,311.0,1009.0,273.0,972.0,334.0,540.0,445.0,412,438,204,443,94,374
064dd41a3.jpg,31,15,522,90,530,123,536.0,97.0,1000.0,13.0,1016.0,100.0,916.0,154.0,528,176,242,218,44,121
064de9c50.jpg,61,52,290,178,297,194,301.0,181.0,687.0,71.0,662.0,147.0,448.0,315.0,297,305,113,272,8,126
06504fa5b.jpg,71,245,522,331,536,342,547.0,332.0,1002.0,205.0,1004.0,258.0,803.0,360.0,537,372,221,358,54,289
0654b3e5b.jpg,17,50,520,176,533,195,545.0,177.0,1021.0,54.0,1033.0,172.0,822.0,332.0,535,345,271,336,43,182
065b72556.jpg,202,402,535,411,550,418,559.0,408.0,878.0,350.0,846.0,380.0,649.0,464.0,548,467,402,464,262,423
065fbc00f.jpg,37,263,484,220,494,233,510.0,218.0,1020.0,183.0,960.0,222.0,579.0,341.0,476,349,332,344,115,290
066074afc.jpg,33,132,497,277,510,299,516.0,278.0,966.0,135.0,954.0,232.0,587.0,513.0,532,513,433,490,103,276
066228078.jpg,89,174,331,228,340,237,348.0,229.0,615.0,169.0,619.0,205.0,527.0,259.0,339,260,137,259,71,213
066c039dc.jpg,67,34,470,155,481,167,494.0,159.0,756.0,36.0,789.0,141.0,558.0,359.0,472,357,411,341,108,132
0670b3636.jpg,37,36,317,147,327,157,334.0,145.0,592.0,69.0,605.0,119.0,407.0,256.0,335,254,275,244,38,73
0679f42ec.jpg,68,53,586,383,612,402,627.0,384.0,923.0,262.0,1001.0,398.0,985.0,525.0,606,477,367,421,114,188
067cdde9d.jpg,66,27,486,208,503,227,523.0,209.0,998.0,55.0,1005.0,160.0,768.0,354.0,509,345,200,333,34,147
067d80626.jpg,20,174,501,338,522,360,541.0,343.0,1035.0,165.0,1031.0,272.0,666.0,528.0,521,504,372,534,13,270
068062d67.jpg,36,34,527,132,558,153,581.0,134.0,971.0,34.0,1011.0,165.0,913.0,261.0,566,260,129,228,22,139
0680aab46.jpg,35,146,493,276,509,297,529.0,284.0,1019.0,214.0,1011.0,262.0,579.0,440.0,493,432,377,420,28,215
06822966b.jpg,44,25,490,257,501,282,514.0,260.0,990.0,118.0,1008.0,236.0,741.0,437.0,495,440,369,447,34,142
06848f3e1.jpg,20,179,561,234,579,242,595.0,237.0,1043.0,178.0,1013.0,212.0,810.0,293.0,583,362,470,345,52,206
0689a1032.jpg,99,18,483,183,493,206,516.0,185.0,988.0,16.0,1009.0,79.0,782.0,239.0,472,281,140,289,22,140
068f9cdba.jpg,23,7,306,131,318,141,330.0,131.0,616.0,8.0,627.0,71.0,392.0,256.0,324,261,269,256,24,65
06907cb5c.jpg,76,236,436,304,450,321,466.0,306.0,846.0,236.0,830.0,296.0,781.0,327.0,450,330,106,319,50,275
06948b93c.jpg,193,222,460,355,464,376,488.0,363.0,960.0,234.0,894.0,307.0,538.0,501.0,433,526,291,523,115,325
0695dc488.jpg,47,140,518,132,528,142,533.0,132.0,981.0,95.0,973.0,142.0,782.0,218.0,539,224,273,221,81,171
0696613e7.jpg,50,94,516,208,536,228,549.0,209.0,956.0,79.0,993.0,184.0,813.0,354.0,542,352,274,335,63,187
06988e2d8.jpg,59,11,393,271,390,287,400.0,273.0,818.0,209.0,764.0,322.0,578.0,460.0,306,427,202,431,30,142
069a1c205.jpg,39,170,587,309,604,320,607.0,304.0,900.0,166.0,1017.0,285.0,936.0,412.0,631,390,369,362,123,258
069eb6c86.jpg,50,134,474,172,486,186,496.0,172.0,941.0,81.0,967.0,113.0,590.0,289.0,487,313,325,303,44,184
06a59fa63.jpg,25,141,324,201,334,210,347.0,202.0,662.0,145.0,660.0,198.0,410.0,314.0,322,309,222,311,12,192
06a8436bc.jpg,40,151,459,224,488,253,516.0,235.0,951.0,153.0,1001.0,201.0,560.0,438.0,483,450,394,431,41,241
06a91f3e5.jpg,27,160,511,202,525,215,535.0,206.0,951.0,264.0,902.0,296.0,727.0,353.0,530,359,430,328,81,203
06aac22ea.jpg,79,125,482,342,505,372,513.0,342.0,869.0,188.0,969.0,343.0,886.0,457.0,508,437,335,409,143,237
06ae83bbc.jpg,161,115,500,258,516,293,533.0,265.0,952.0,132.0,917.0,225.0,666.0,449.0,512,494,219,495,85,300
06b0680ea.jpg,62,202,516,301,526,325,539.0,305.0,1028.0,256.0,1012.0,330.0,603.0,509.0,511,515,384,500,52,290
06b246dad.jpg,90,106,334,209,344,213,357.0,209.0,677.0,101.0,660.0,136.0,371.0,312.0,326,322,232,312,63,155
06b790545.jpg,305,12,560,332,565,358,586.0,341.0,1044.0,194.0,1043.0,340.0,536.0,573.0,478,553,289,518,197,240
06becbcac.jpg,35,222,621,288,637,302,633.0,281.0,808.0,233.0,1018.0,369.0,1005.0,470.0,734,461,563,432,202,295
06c34e03f.jpg,56,18,463,171,467,184,475.0,173.0,1015.0,32.0,987.0,137.0,534.0,382.0,453,381,296,367,19,159
06c50767d.jpg,131,162,502,282,513,317,528.0,290.0,936.0,117.0,913.0,192.0,682.0,420.0,513,442,293,466,110,283
06c8929a3.jpg,119,188,497,341,508,373,517.0,345.0,972.0,192.0,963.0,303.0,786.0,442.0,505,476,163,447,86,312
06c8a79a3.jpg,116,226,442,319,458,336,472.0,322.0,779.0,236.0,773.0,313.0,709.0,361.0,459,372,251,373,132,294
06cfbaddf.jpg,243,427,530,426,560,418,589.0,426.0,819.0,452.0,806.0,414.0,728.0,370.0,567,375,447,351,277,376
06d0f5102.jpg,42,102,525,146,538,152,549.0,146.0,987.0,95.0,981.0,127.0,652.0,276.0,560,277,495,274,113,137
06d730fc2.jpg,39,109,455,197,470,219,479.0,198.0,809.0,121.0,827.0,212.0,802.0,239.0,473,263,125,241,51,194
06d79681a.jpg,12,99,338,197,348,209,356.0,197.0,660.0,110.0,679.0,161.0,647.0,213.0,349,227,124,224,26,153
06d9031e9.jpg,71,90,504,261,522,289,540.0,261.0,964.0,112.0,982.0,203.0,821.0,354.0,520,357,258,357,61,186
06da7187c.jpg,89,164,374,236,385,250,398.0,237.0,716.0,127.0,709.0,179.0,536.0,281.0,377,298,193,307,63,213
06dae96d6.jpg,116,7,517,195,519,227,538.0,204.0,1027.0,20.0,985.0,93.0,581.0,393.0,497,387,144,300,21,141
06dbe4d84.jpg,57,43,490,152,506,166,526.0,153.0,986.0,53.0,989.0,129.0,592.0,329.0,501,327,389,325,31,116
06dc95050.jpg,26,45,500,120,524,143,542.0,121.0,1014.0,18.0,1008.0,100.0,971.0,133.0,524,151,96,148,54,119
06e157a91.jpg,116,179,516,273,517,291,528.0,277.0,985.0,183.0,939.0,246.0,586.0,432.0,495,419,290,406,89,260
06e24ec31.jpg,104,231,459,277,473,291,485.0,278.0,847.0,255.0,843.0,303.0,666.0,383.0,472,402,336,400,117,274
06e958fef.jpg,116,67,557,137,573,172,589.0,144.0,991.0,24.0,1016.0,149.0,713.0,386.0,569,380,259,364,21,192
06ebd7587.jpg,86,140,475,249,486,284,506.0,253.0,1006.0,153.0,980.0,239.0,828.0,349.0,481,369,177,436,36,263
06ec79a1c.jpg,31,30,351,108,372,135,385.0,111.0,582.0,50.0,673.0,115.0,541.0,212.0,379,239,304,242,43,105
06f3ca9ed.jpg,74,223,497,355,512,366,530.0,353.0,958.0,275.0,946.0,347.0,670.0,469.0,508,469,365,456,82,286
06f5360e9.jpg,103,135,505,302,511,331,523.0,306.0,1004.0,73.0,970.0,206.0,710.0,458.0,501,463,200,500,53,288
06f547c31.jpg,251,18,509,188,519,207,531.0,190.0,799.0,43.0,811.0,133.0,585.0,321.0,507,321,440,316,238,127
06f80eb62.jpg,37,261,508,272,524,289,529.0,271.0,1025.0,258.0,1002.0,307.0,644.0,426.0,525,418,410,420,67,317
06f8ca075.jpg,37,29,418,216,430,243,443.0,218.0,765.0,33.0,821.0,120.0,524.0,425.0,428,420,324,419,68,184
07001d538.jpg,35,20,526,168,551,200,564.0,174.0,1006.0,65.0,1003.0,210.0,945.0,258.0,551,214,132,191,49,126
0702dfdcf.jpg,30,20,515,131,526,146,540.0,130.0,1024.0,11.0,1002.0,107.0,755.0,241.0,524,246,281,247,31,98
0704cc0a7.jpg,20,83,583,84,596,95,604.0,85.0,993.0,65.0,1012.0,168.0,820.0,321.0,663,298,587,293,144,144
07064347b.jpg,39,45,325,155,333,169,340.0,159.0,678.0,75.0,653.0,134.0,370.0,280.0,319,280,243,270,27,109
0706d4216.jpg,31,21,515,175,532,196,546.0,176.0,1024.0,10.0,1027.0,107.0,854.0,273.0,533,303,270,316,37,132
070abfb84.jpg,156,223,509,304,515,326,525.0,306.0,913.0,173.0,916.0,231.0,633.0,436.0,526,454,344,446,135,300
070e4a8b7.jpg,233,150,504,217,513,254,536.0,222.0,875.0,52.0,874.0,127.0,567.0,438.0,526,454,355,473,169,317
0712ad7fe.jpg,76,64,470,233,481,254,502.0,237.0,1010.0,95.0,968.0,174.0,525.0,419.0,465,420,317,399,17,148
0716fb02e.jpg,56,13,466,137,474,161,489.0,142.0,1024.0,8.0,994.0,101.0,610.0,331.0,481,322,223,305,20,144
0716fb905.jpg,17,7,554,148,586,162,585.0,139.0,977.0,10.0,1034.0,111.0,783.0,344.0,620,338,572,329,84,72
071a57840.jpg,48,190,474,327,499,354,523.0,336.0,1024.0,188.0,953.0,314.0,635.0,505.0,492,496,230,472,28,318
071a5aefa.jpg,62,127,512,303,530,325,549.0,305.0,940.0,198.0,991.0,305.0,900.0,398.0,531,392,264,396,77,233
071b4b2ae.jpg,22,9,478,136,490,169,505.0,144.0,1023.0,10.0,1005.0,113.0,910.0,192.0,489,306,282,348,35,157
0722a0a36.jpg,56,62,558,221,573,257,581.0,226.0,1006.0,167.0,936.0,339.0,840.0,419.0,570,429,322,420,84,221
0724fcc13.jpg,190,117,522,220,527,236,544.0,229.0,990.0,127.0,1019.0,220.0,648.0,427.0,520,436,352,431,26,189
07250af68.jpg,162,148,523,416,540,440,557.0,419.0,924.0,166.0,960.0,344.0,845.0,546.0,540,531,310,519,147,288
07251a5c0.jpg,33,119,388,211,409,222,413.0,207.0,651.0,102.0,707.0,192.0,541.0,365.0,465,370,383,358,99,196
072554b5f.jpg,48,29,341,130,352,140,366.0,131.0,643.0,96.0,658.0,162.0,400.0,268.0,337,259,278,240,32,91
07261dcdc.jpg,69,6,505,187,520,228,534.0,196.0,1019.0,8.0,1004.0,122.0,642.0,450.0,535,430,169,359,13,181
0726d120b.jpg,21,283,563,404,590,421,596.0,402.0,918.0,322.0,1013.0,428.0,861.0,561.0,634,558,429,527,80,372
072c0b407.jpg,24,150,334,252,345,273,355.0,254.0,672.0,174.0,670.0,241.0,619.0,291.0,345,293,56,259,18,218
0730bdfde.jpg,32,28,515,157,528,171,540.0,161.0,1026.0,32.0,1023.0,159.0,927.0,252.0,528,271,207,268,37,126
07393dd15.jpg,71,192,463,292,477,315,496.0,296.0,969.0,204.0,975.0,263.0,831.0,350.0,473,369,144,361,29,254
073ab954e.jpg,33,78,472,188,493,212,498.0,187.0,892.0,43.0,908.0,114.0,708.0,296.0,492,291,266,274,66,147
073fc11a0.jpg,89,84,521,289,538,312,547.0,291.0,889.0,235.0,935.0,406.0,846.0,468.0,531,457,433,456,112,195
07461c8d0.jpg,37,20,487,212,500,236,518.0,215.0,1026.0,91.0,1002.0,191.0,804.0,312.0,498,323,189,300,25,141
07468f5ae.jpg,64,179,616,237,634,252,654.0,238.0,1247.0,152.0,1226.0,202.0,898.0,326.0,633,342,300,330,76,254
0746db9aa.jpg,36,118,503,216,521,230,534.0,219.0,1005.0,152.0,992.0,194.0,601.0,387.0,515,380,437,381,55,167
07497eba3.jpg,78,31,446,138,466,156,481.0,141.0,1011.0,24.0,1002.0,119.0,575.0,327.0,462,329,356,322,39,130
074b76dc2.jpg,131,228,481,323,495,334,505.0,323.0,886.0,214.0,888.0,274.0,650.0,400.0,490,404,304,400,102,289
075089e48.jpg,23,277,530,343,540,354,548.0,342.0,1021.0,263.0,1008.0,307.0,807.0,400.0,542,408,288,390,50,312
07518729f.jpg,41,110,465,282,473,293,478.0,280.0,879.0,12.0,902.0,135.0,553.0,473.0,484,471,361,471,54,271
0752633be.jpg,29,23,460,164,472,184,477.0,166.0,757.0,22.0,831.0,200.0,701.0,360.0,493,371,410,374,74,154
07569b33d.jpg,63,42,473,133,481,167,501.0,140.0,1027.0,23.0,968.0,122.0,703.0,307.0,467,321,143,335,16,165
0758b8b8b.jpg,43,224,416,259,435,274,451.0,261.0,863.0,193.0,858.0,229.0,746.0,269.0,436,306,131,314,28,273
075d3789e.jpg,67,166,319,216,327,222,335.0,216.0,650.0,121.0,645.0,161.0,479.0,269.0,329,296,133,304,27,234
07605520f.jpg,45,17,529,162,553,172,569.0,160.0,975.0,21.0,1030.0,140.0,834.0,302.0,539,281,238,238,45,101
076271ee1.jpg,88,156,476,245,493,272,513.0,248.0,935.0,189.0,910.0,290.0,563.0,464.0,472,457,386,447,80,250
076719457.jpg,172,168,526,271,533,295,538.0,273.0,879.0,135.0,865.0,241.0,585.0,453.0,541,454,485,452,206,284
076b53d6d.jpg,97,234,500,251,508,272,518.0,253.0,961.0,173.0,955.0,231.0,628.0,404.0,508,398,289,404,73,300
076bbf39a.jpg,59,272,480,380,506,407,535.0,383.0,1007.0,247.0,1006.0,345.0,789.0,462.0,505,465,150,456,29,375
076e1f97f.jpg,26,45,282,124,290,160,306.0,128.0,589.0,45.0,573.0,119.0,485.0,209.0,288,222,78,219,12,128
076e86acf.jpg,49,7,500,149,521,169,536.0,149.0,977.0,27.0,992.0,141.0,770.0,293.0,531,311,300,300,48,120
076f148a0.jpg,60,221,489,268,510,278,518.0,267.0,818.0,232.0,838.0,293.0,788.0,324.0,512,318,278,314,87,260
07733181b.jpg,1,160,540,360,557,407,559.0,362.0,1048.0,190.0,1049.0,368.0,1049.0,565.0,560,530,179,484,1,357
0774d1c70.jpg,38,186,490,345,509,366,519.0,345.0,878.0,213.0,920.0,340.0,775.0,474.0,540,464,324,427,94,277
07768ba57.jpg,54,80,363,182,363,190,375.0,185.0,656.0,126.0,653.0,152.0,383.0,290.0,333,288,271,280,45,120
0776ca526.jpg,327,18,414,315,409,365,443.0,333.0,1027.0,29.0,933.0,159.0,504.0,468.0,331,539,70,578,76,293
0779b9586.jpg,121,83,483,180,486,214,508.0,185.0,1021.0,73.0,922.0,179.0,751.0,279.0,478,261,60,270,47,174
077ab7826.jpg,2,177,495,391,510,410,528.0,394.0,1010.0,246.0,1023.0,377.0,798.0,511.0,513,474,231,460,1,305
077b5e636.jpg,63,19,471,245,506,304,525.0,265.0,980.0,36.0,969.0,159.0,913.0,239.0,507,322,100,344,28,171
077bb5704.jpg,32,111,570,329,598,360,607.0,330.0,1004.0,35.0,1016.0,192.0,911.0,412.0,602,432,190,468,43,280
077e1ae6e.jpg,225,203,529,287,544,302,552.0,286.0,861.0,230.0,865.0,286.0,646.0,397.0,538,405,464,405,221,268
077f58a47.jpg,105,204,473,205,476,221,488.0,207.0,898.0,200.0,855.0,234.0,493.0,364.0,449,370,336,356,120,241
077f870f1.jpg,135,174,443,187,444,218,471.0,190.0,1023.0,149.0,926.0,204.0,434.0,382.0,383,381,249,391,45,243
0780a7e4c.jpg,91,244,1046,290,1083,305,1119.0,292.0,2162.0,244.0,2039.0,289.0,1253.0,443.0,1076,450,854,453,168,286
0780c0f88.jpg,11,110,512,280,521,291,530.0,281.0,1020.0,146.0,1023.0,254.0,701.0,433.0,516,423,338,402,33,221
07837c640.jpg,10,21,543,145,575,184,581.0,153.0,987.0,12.0,1028.0,205.0,982.0,272.0,584,299,297,294,64,148
078525eaf.jpg,53,13,489,108,500,115,513.0,108.0,1004.0,13.0,980.0,108.0,632.0,281.0,494,301,345,311,38,115
0786c0a3e.jpg,121,137,389,210,390,229,409.0,218.0,844.0,141.0,845.0,175.0,445.0,351.0,313,367,198,354,40,213
0787778a7.jpg,86,235,461,242,480,258,489.0,245.0,906.0,231.0,893.0,282.0,502.0,457.0,455,466,346,464,75,307
0791f0ecc.jpg,106,207,482,301,495,331,514.0,305.0,1036.0,219.0,993.0,315.0,774.0,410.0,488,468,245,482,57,336
07968ddb3.jpg,106,23,509,219,533,254,554.0,224.0,961.0,48.0,961.0,167.0,673.0,461.0,525,460,454,451,107,158
0799afe4c.jpg,16,125,541,315,559,333,563.0,316.0,895.0,92.0,985.0,249.0,755.0,532.0,596,518,509,519,85,238
079ce9622.jpg,29,28,505,216,521,249,540.0,224.0,1038.0,94.0,998.0,200.0,895.0,321.0,524,297,123,314,24,159
07a04a873.jpg,40,17,418,140,431,162,443.0,143.0,842.0,12.0,857.0,96.0,770.0,186.0,433,230,154,248,15,110
07a6ed663.jpg,178,134,500,212,507,226,514.0,216.0,938.0,166.0,916.0,247.0,711.0,319.0,499,293,147,213,142,198
07ab4c0b3.jpg,66,193,529,261,544,267,563.0,260.0,950.0,190.0,976.0,282.0,662.0,426.0,556,427,453,412,64,270
07ac2b767.jpg,25,13,539,193,570,216,575.0,192.0,941.0,55.0,1033.0,171.0,875.0,374.0,607,393,514,392,119,127
07ace0ec5.jpg,79,46,518,223,542,242,561.0,226.0,951.0,59.0,993.0,172.0,817.0,348.0,551,350,380,345,75,127
07aeee4dc.jpg,24,131,341,164,353,184,355.0,168.0,547.0,136.0,588.0,234.0,471.0,319.0,365,311,295,302,86,197
07b048c72.jpg,139,183,478,293,498,335,518.0,299.0,938.0,141.0,932.0,237.0,699.0,437.0,502,423,242,443,119,317
07b0f9cc8.jpg,12,143,475,250,532,309,574.0,263.0,988.0,159.0,1000.0,271.0,818.0,406.0,530,400,304,413,74,242
07b1a8065.jpg,11,20,478,186,500,210,512.0,187.0,889.0,35.0,894.0,150.0,849.0,294.0,500,370,332,382,51,141
07b6bc3b2.jpg,38,241,538,292,552,305,559.0,292.0,977.0,208.0,985.0,271.0,677.0,444.0,566,439,454,425,72,293
07b99cc3f.jpg,63,144,499,217,510,232,524.0,220.0,1000.0,154.0,1008.0,204.0,784.0,289.0,506,308,200,300,29,214
07ba8f748.jpg,136,77,1498,152,1548,161,1595.0,150.0,2929.0,116.0,2851.0,165.0,1681.0,364.0,1551,359,1421,358,200,139
07babead6.jpg,68,85,540,252,560,289,570.0,256.0,900.0,62.0,982.0,285.0,740.0,547.0,572,525,443,508,93,220
07bb489fc.jpg,25,23,549,209,565,230,568.0,211.0,965.0,70.0,1032.0,197.0,762.0,441.0,586,436,523,427,88,108
07be27ff9.jpg,40,207,494,315,510,328,511.0,310.0,812.0,198.0,871.0,294.0,655.0,485.0,562,481,500,474,155,290
07bea5cd6.jpg,218,235,483,283,497,295,509.0,284.0,762.0,206.0,768.0,265.0,579.0,380.0,503,386,432,388,225,297
07c035b2b.jpg,34,8,546,158,568,183,576.0,159.0,970.0,6.0,1025.0,202.0,726.0,412.0,585,413,506,401,55,106
07c0ae10b.jpg,48,146,491,282,499,310,510.0,285.0,1032.0,107.0,1001.0,222.0,625.0,477.0,497,466,202,455,9,280
07c66fb0d.jpg,21,64,434,119,446,133,457.0,119.0,877.0,49.0,837.0,148.0,583.0,267.0,446,296,376,292,77,144
07c93d623.jpg,42,108,317,160,327,170,328.0,160.0,418.0,60.0,525.0,182.0,552.0,282.0,354,255,234,256,102,186
07cc1f3af.jpg,14,330,474,278,491,291,506.0,280.0,992.0,247.0,982.0,294.0,649.0,399.0,489,414,290,400,120,345
07cea88be.jpg,82,78,498,163,515,184,532.0,166.0,955.0,70.0,932.0,162.0,689.0,302.0,522,311,358,304,119,178
07cf6abf4.jpg,57,22,501,164,523,183,540.0,163.0,1010.0,26.0,1002.0,161.0,606.0,416.0,506,412,409,402,70,179
07d4e1e99.jpg,70,197,555,312,598,344,603.0,307.0,868.0,147.0,986.0,330.0,890.0,508.0,644,516,490,497,163,313
07d66da53.jpg,15,265,726,287,753,309,770.0,289.0,1432.0,241.0,1391.0,313.0,1099.0,396.0,754,404,507,410,104,315
07da3da9f.jpg,50,89,517,233,533,252,546.0,235.0,994.0,118.0,1006.0,232.0,718.0,408.0,531,398,233,345,51,206
07db30278.jpg,0,245,477,284,495,303,507.0,287.0,1013.0,172.0,1008.0,315.0,765.0,434.0,499,429,160,409,1,351
07dc84ac5.jpg,108,123,523,228,530,243,535.0,229.0,955.0,115.0,930.0,205.0,727.0,316.0,527,345,428,382,128,214
07dcacfe6.jpg,225,95,525,254,533,285,540.0,260.0,955.0,120.0,929.0,257.0,645.0,494.0,564,497,416,510,183,270
07e1067f3.jpg,250,211,489,313,494,341,513.0,323.0,986.0,205.0,941.0,284.0,463.0,574.0,443,585,296,559,134,342
07e66d8c2.jpg,90,57,465,176,479,196,499.0,182.0,957.0,57.0,946.0,122.0,535.0,349.0,456,346,275,319,55,161
07e71d9f2.jpg,62,27,482,175,488,198,500.0,182.0,1023.0,26.0,997.0,90.0,653.0,305.0,474,336,304,363,21,122
07e817097.jpg,35,182,506,285,524,301,532.0,286.0,980.0,174.0,975.0,281.0,687.0,456.0,541,484,439,476,101,296
07e973f4b.jpg,14,101,518,242,540,257,550.0,240.0,979.0,107.0,1026.0,244.0,748.0,482.0,575,496,516,496,80,227
07ead5e46.jpg,29,14,469,98,484,124,500.0,105.0,1023.0,15.0,970.0,93.0,637.0,241.0,462,238,200,224,19,109
07ed57a03.jpg,48,81,501,281,524,306,546.0,284.0,1032.0,84.0,1013.0,202.0,700.0,460.0,523,452,338,498,26,237
07ed6e781.jpg,163,171,506,220,514,240,529.0,224.0,956.0,152.0,946.0,201.0,554.0,407.0,482,395,381,410,121,243
07ee29cbb.jpg,248,258,534,315,543,331,561.0,320.0,988.0,246.0,973.0,296.0,744.0,381.0,506,453,380,453,193,359
07f391ac9.jpg,37,22,504,205,524,248,543.0,212.0,1004.0,86.0,1012.0,193.0,898.0,290.0,521,279,163,251,40,138
07fc6156f.jpg,49,72,545,239,569,267,576.0,244.0,976.0,88.0,1029.0,197.0,942.0,317.0,571,311,249,306,55,156
07fc7a25c.jpg,19,12,497,168,508,206,519.0,173.0,1034.0,14.0,970.0,133.0,794.0,253.0,506,281,234,311,22,132
0802733c0.jpg,91,155,497,334,517,364,541.0,341.0,1017.0,125.0,1029.0,187.0,787.0,429.0,517,431,203,430,27,245
08032bc2f.jpg,40,255,497,315,510,320,521.0,314.0,976.0,243.0,947.0,290.0,658.0,402.0,514,402,192,343,72,296
080a3480c.jpg,49,22,387,114,391,135,400.0,116.0,766.0,25.0,729.0,101.0,541.0,212.0,383,244,196,280,24,121
080ae15ee.jpg,74,320,502,427,509,449,523.0,430.0,931.0,310.0,1015.0,391.0,862.0,479.0,504,501,150,530,21,412
080d2aaff.jpg,421,54,482,226,480,246,494.0,229.0,859.0,51.0,830.0,108.0,591.0,309.0,452,368,286,406,259,182
080ee8d66.jpg,20,123,368,190,387,203,392.0,188.0,621.0,62.0,681.0,175.0,574.0,319.0,410,318,288,325,40,205
0811188a6.jpg,86,90,458,245,486,265,520.0,251.0,987.0,89.0,972.0,179.0,702.0,373.0,486,400,232,404,48,219
081166e03.jpg,96,185,470,283,480,307,491.0,284.0,869.0,149.0,851.0,240.0,747.0,323.0,487,366,261,400,96,292
0812d57cd.jpg,45,216,527,274,535,298,539.0,275.0,996.0,122.0,990.0,216.0,723.0,400.0,542,392,252,398,64,309
0813f80ed.jpg,41,242,500,234,513,249,532.0,237.0,1010.0,204.0,950.0,238.0,548.0,373.0,468,379,367,379,97,266
081941407.jpg,52,180,516,313,528,326,543.0,313.0,1007.0,171.0,1018.0,271.0,941.0,328.0,528,382,210,397,46,288
081c2004d.jpg,18,87,363,145,374,162,384.0,145.0,706.0,84.0,710.0,122.0,448.0,284.0,384,288,315,274,51,136
081ec14a6.jpg,38,21,515,138,536,145,546.0,128.0,1026.0,21.0,998.0,104.0,852.0,198.0,533,192,234,198,50,96
081ee4083.jpg,70,132,499,230,522,265,535.0,239.0,951.0,125.0,960.0,242.0,652.0,447.0,520,454,423,453,78,219
081f71a62.jpg,24,1,212,127,218,141,224.0,128.0,415.0,1.0,423.0,65.0,357.0,154.0,217,168,59,166,14,60
082397c5a.jpg,58,236,512,330,533,343,549.0,329.0,979.0,173.0,1001.0,247.0,638.0,469.0,540,473,422,458,36,307
0823f9df3.jpg,73,178,540,340,560,363,575.0,342.0,991.0,205.0,1006.0,321.0,847.0,461.0,566,453,307,446,86,259
08242d8d5.jpg,61,112,517,247,527,267,545.0,252.0,1029.0,117.0,1017.0,224.0,858.0,322.0,526,355,172,353,7,222
08248f449.jpg,69,171,434,291,459,315,484.0,291.0,927.0,115.0,907.0,214.0,530.0,496.0,471,493,354,488,61,302
08258902a.jpg,342,277,459,321,465,331,471.0,323.0,594.0,296.0,590.0,330.0,547.0,358.0,464,355,387,356,341,311
0829ae94e.jpg,54,151,545,343,576,360,590.0,342.0,951.0,153.0,1018.0,275.0,870.0,455.0,638,465,453,492,100,256
082d11624.jpg,111,23,447,213,467,251,499.0,221.0,1009.0,7.0,1011.0,118.0,645.0,385.0,462,414,307,451,16,177
08315a537.jpg,54,168,539,312,556,331,573.0,312.0,1035.0,156.0,1051.0,251.0,791.0,453.0,557,444,339,456,61,276
0831d05a7.jpg,24,132,518,144,533,157,545.0,146.0,1000.0,92.0,1002.0,148.0,767.0,232.0,537,246,339,244,58,172
08334fd63.jpg,59,117,454,194,466,213,474.0,195.0,849.0,62.0,869.0,106.0,672.0,292.0,470,294,231,291,65,188
08348476c.jpg,75,74,506,208,511,225,518.0,208.0,1010.0,50.0,1000.0,146.0,757.0,298.0,511,315,188,335,33,205
08385d0b3.jpg,34,6,513,108,525,136,539.0,112.0,1028.0,57.0,997.0,165.0,728.0,315.0,527,320,349,325,49,134
08406b193.jpg,32,79,327,249,346,275,346.0,250.0,478.0,42.0,557.0,220.0,557.0,345.0,354,306,79,254,48,192
08428609a.jpg,101,86,446,124,452,135,466.0,128.0,1015.0,41.0,946.0,84.0,550.0,182.0,404,194,157,209,60,110
08470f9f4.jpg,29,194,498,303,522,321,534.0,303.0,866.0,195.0,902.0,289.0,670.0,462.0,530,475,420,447,65,262
08487ad62.jpg,130,65,459,290,488,321,502.0,298.0,971.0,58.0,960.0,175.0,643.0,520.0,488,523,179,513,68,211
084bb194a.jpg,63,167,532,270,552,288,566.0,271.0,983.0,168.0,999.0,268.0,830.0,396.0,554,373,210,337,79,252
085124ad4.jpg,35,175,523,234,536,250,547.0,239.0,1023.0,271.0,1014.0,312.0,833.0,337.0,535,354,319,324,58,232
0852fa898.jpg,23,16,263,92,277,111,288.0,93.0,523.0,14.0,523.0,80.0,496.0,114.0,278,135,75,134,25,73
085ac5123.jpg,14,46,486,62,512,80,532.0,65.0,1024.0,34.0,1001.0,72.0,582.0,239.0,501,233,374,234,66,103
085de980f.jpg,273,27,991,182,1025,217,1087.0,194.0,2111.0,59.0,2016.0,145.0,1441.0,292.0,940,346,560,365,109,140
085e31cc2.jpg,88,258,487,357,522,370,558.0,356.0,1014.0,239.0,996.0,289.0,819.0,362.0,523,384,183,369,54,320
085ed4326.jpg,20,145,303,221,321,235,323.0,224.0,484.0,157.0,544.0,251.0,471.0,338.0,347,329,242,311,66,213
085f89e06.jpg,53,109,341,182,348,194,362.0,182.0,685.0,115.0,678.0,155.0,490.0,245.0,349,240,182,241,41,159
086041fb9.jpg,145,167,522,271,541,293,541.0,273.0,804.0,167.0,908.0,308.0,776.0,513.0,612,481,446,437,224,271
086194430.jpg,38,144,511,247,542,274,559.0,254.0,965.0,159.0,974.0,267.0,752.0,402.0,564,405,380,397,92,250
0861956fb.jpg,11,97,546,177,573,196,579.0,176.0,986.0,84.0,1010.0,219.0,727.0,386.0,612,387,499,378,65,190
08689c8b8.jpg,25,182,413,277,436,294,461.0,281.0,850.0,256.0,845.0,301.0,547.0,410.0,436,411,353,404,51,230
086abcc75.jpg,76,194,467,257,467,286,479.0,260.0,1024.0,161.0,986.0,268.0,713.0,418.0,446,425,235,446,48,332
086b165fd.jpg,65,201,514,319,536,351,548.0,321.0,974.0,125.0,992.0,237.0,755.0,471.0,541,467,292,503,65,343
086ce9370.jpg,40,17,507,204,527,226,544.0,205.0,1009.0,74.0,1023.0,157.0,785.0,314.0,527,315,324,306,50,101
086f12cec.jpg,94,102,490,180,500,217,526.0,189.0,1028.0,107.0,957.0,187.0,540.0,381.0,416,359,180,326,35,209
086f71acf.jpg,141,42,278,156,279,182,301.0,166.0,645.0,17.0,597.0,78.0,278.0,288.0,184,298,79,302,21,171
087012fa8.jpg,48,8,494,190,498,208,515.0,196.0,1000.0,27.0,991.0,122.0,596.0,372.0,486,371,341,372,14,102
087499d68.jpg,39,211,520,355,540,371,549.0,352.0,1011.0,254.0,1012.0,331.0,755.0,484.0,556,499,452,496,74,276
08757c578.jpg,22,85,430,121,454,130,472.0,121.0,678.0,73.0,731.0,102.0,587.0,219.0,490,227,430,230,63,109
087be9483.jpg,51,103,312,167,322,180,331.0,168.0,677.0,9.0,662.0,71.0,396.0,280.0,312,292,227,312,15,193
087c7d018.jpg,39,152,413,261,430,288,442.0,265.0,856.0,156.0,845.0,251.0,733.0,325.0,434,345,170,359,26,248
08845a4b2.jpg,93,113,480,265,496,278,515.0,269.0,1012.0,126.0,990.0,191.0,635.0,399.0,497,410,365,425,49,201
088d939f7.jpg,29,137,520,279,534,294,544.0,278.0,1010.0,144.0,1023.0,245.0,830.0,404.0,540,388,285,403,41,241
088e1d1b8.jpg,80,222,468,270,487,298,505.0,273.0,1000.0,147.0,958.0,229.0,630.0,426.0,477,430,242,458,54,332
088fc5d51.jpg,23,20,513,170,527,189,538.0,170.0,1001.0,17.0,1028.0,95.0,1026.0,151.0,527,196,86,159,46,101
0892d02e6.jpg,14,194,357,229,369,238,378.0,229.0,663.0,164.0,672.0,236.0,490.0,342.0,387,358,311,353,48,251
0892e561a.jpg,123,211,491,347,510,353,525.0,342.0,920.0,217.0,919.0,309.0,748.0,460.0,499,467,219,440,97,304
08954cd60.jpg,90,49,429,154,448,195,466.0,156.0,977.0,70.0,877.0,225.0,557.0,432.0,500,423,340,440,66,247
0896a27c2.jpg,53,29,541,208,557,237,564.0,214.0,974.0,88.0,991.0,192.0,816.0,349.0,562,370,400,361,90,125
08978625c.jpg,55,152,487,211,507,222,528.0,213.0,993.0,158.0,979.0,221.0,606.0,366.0,504,360,291,323,56,228
0899b93bf.jpg,18,34,490,202,520,224,538.0,202.0,997.0,17.0,1034.0,143.0,866.0,292.0,524,276,263,279,40,131
0899e25a8.jpg,58,14,442,168,454,189,468.0,170.0,849.0,14.0,869.0,100.0,716.0,246.0,468,331,308,336,36,108
089d1f450.jpg,94,9,323,101,339,127,356.0,105.0,643.0,18.0,693.0,99.0,535.0,243.0,343,256,199,263,9,94
08a1046a9.jpg,87,31,445,136,450,153,471.0,143.0,1018.0,29.0,952.0,74.0,453.0,332.0,400,337,245,337,12,93
08a118a33.jpg,144,131,517,198,524,209,529.0,198.0,883.0,83.0,899.0,161.0,734.0,296.0,532,298,330,302,161,210
08a1522a2.jpg,105,131,463,230,476,250,499.0,234.0,1006.0,131.0,1005.0,182.0,612.0,385.0,461,410,332,430,54,243
08a2a2bad.jpg,137,107,448,262,462,297,478.0,268.0,951.0,93.0,949.0,191.0,750.0,351.0,471,410,146,404,76,274
08a2bb342.jpg,96,118,518,139,533,158,546.0,142.0,959.0,150.0,962.0,198.0,740.0,257.0,533,265,415,262,95,158
08a37d214.jpg,182,179,528,327,537,347,552.0,332.0,1000.0,187.0,980.0,246.0,656.0,453.0,523,458,341,459,130,276
08a5ab510.jpg,30,26,513,150,525,168,529.0,151.0,1021.0,16.0,989.0,156.0,612.0,371.0,523,370,422,364,73,178
08a6320e1.jpg,27,28,552,78,575,96,586.0,73.0,994.0,51.0,1020.0,121.0,708.0,245.0,593,250,498,253,49,102
08a7c7117.jpg,92,89,493,193,496,221,519.0,199.0,1020.0,87.0,972.0,157.0,523.0,384.0,453,387,249,351,28,185
08aee34dc.jpg,111,81,425,249,443,278,455.0,253.0,820.0,53.0,828.0,196.0,524.0,498.0,465,499,358,496,94,218
08b0e7404.jpg,45,74,502,178,528,203,550.0,180.0,987.0,80.0,976.0,144.0,761.0,262.0,530,266,338,269,93,140
08b76923e.jpg,198,12,450,179,451,216,474.0,193.0,1010.0,18.0,930.0,149.0,471.0,474.0,369,483,201,509,37,215
08bd1f4ff.jpg,29,205,538,296,575,331,571.0,298.0,834.0,213.0,944.0,362.0,897.0,486.0,644,493,382,490,126,348
08c1cb1c1.jpg,21,12,319,142,336,159,338.0,141.0,603.0,11.0,650.0,117.0,590.0,245.0,367,238,214,218,65,91
08cb88f53.jpg,49,117,509,245,538,271,563.0,247.0,1005.0,151.0,1014.0,262.0,865.0,347.0,541,359,283,362,40,218
08cb9d189.jpg,181,163,503,355,520,376,540.0,360.0,906.0,168.0,894.0,273.0,761.0,403.0,519,407,301,477,151,286
08d04445a.jpg,22,17,512,168,532,190,541.0,170.0,1004.0,29.0,1028.0,120.0,734.0,351.0,535,307,255,272,35,109
08d588c8a.jpg,80,146,497,308,522,340,533.0,316.0,975.0,141.0,976.0,263.0,940.0,310.0,530,398,260,455,82,296
08d76eef4.jpg,55,124,549,255,570,270,576.0,251.0,927.0,159.0,986.0,263.0,806.0,403.0,629,412,486,399,158,222
08db58a5f.jpg,16,60,404,136,422,153,431.0,136.0,701.0,51.0,745.0,158.0,667.0,243.0,453,242,298,253,71,132
08dba3391.jpg,136,148,475,228,485,246,504.0,231.0,870.0,116.0,814.0,220.0,628.0,355.0,479,379,279,385,120,256
08dcd4e24.jpg,82,40,233,176,238,194,250.0,179.0,515.0,38.0,505.0,100.0,357.0,229.0,234,224,45,226,33,135
08dd94712.jpg,241,268,505,343,523,362,530.0,341.0,752.0,263.0,775.0,359.0,674.0,446.0,531,450,446,451,268,339
08e0fb2b6.jpg,25,10,511,126,532,151,552.0,126.0,1013.0,8.0,1026.0,121.0,713.0,316.0,534,327,401,332,43,138
08e1a184e.jpg,97,222,530,344,545,358,562.0,346.0,989.0,206.0,993.0,277.0,783.0,424.0,546,432,302,432,108,308
08e2d9ac6.jpg,75,67,515,202,531,218,546.0,203.0,978.0,114.0,978.0,182.0,678.0,358.0,527,355,383,342,88,142
08e60326f.jpg,13,30,302,128,307,142,312.0,132.0,609.0,79.0,602.0,127.0,363.0,260.0,300,253,237,239,25,85
08e8dc6d6.jpg,45,29,484,117,495,138,511.0,122.0,1019.0,24.0,995.0,99.0,790.0,194.0,494,210,208,223,31,122
08eab80de.jpg,27,181,185,223,195,248,202.0,221.0,697.0,29.0,697.0,185.0,347.0,444.0,178,449,10,419,5,267
08ecada5e.jpg,147,187,482,306,490,332,502.0,311.0,950.0,167.0,937.0,232.0,757.0,370.0,484,401,203,418,100,287
08eeafc29.jpg,75,188,469,323,488,353,517.0,329.0,1016.0,193.0,993.0,291.0,816.0,405.0,486,442,184,473,26,305
08efacb45.jpg,49,117,495,211,522,227,550.0,217.0,995.0,189.0,1013.0,263.0,694.0,381.0,501,388,396,384,30,176
08f17bbf4.jpg,31,143,487,276,506,296,514.0,283.0,974.0,261.0,968.0,324.0,605.0,459.0,501,448,388,430,57,214
08f58ed18.jpg,187,133,474,293,476,311,497.0,299.0,972.0,172.0,955.0,223.0,513.0,432.0,390,426,215,420,77,224
08f8fe56e.jpg,90,184,506,292,524,314,531.0,296.0,947.0,181.0,951.0,237.0,654.0,417.0,529,420,430,421,89,230
08fa77b9f.jpg,86,49,656,205,690,224,704.0,194.0,947.0,49.0,1049.0,322.0,916.0,453.0,723,445,676,434,162,120
08feff2af.jpg,62,89,323,151,336,162,345.0,151.0,604.0,59.0,613.0,109.0,400.0,258.0,342,264,276,260,69,147
09032ecef.jpg,35,65,340,219,356,238,367.0,220.0,662.0,75.0,680.0,169.0,636.0,238.0,357,271,119,290,19,155
090470388.jpg,47,280,517,345,531,370,540.0,348.0,1017.0,222.0,1007.0,305.0,862.0,387.0,534,409,168,413,48,358
